Player,Team,JumperNumber,Age,Age_Decimal,Height,Position,DebutYear,Matches_Career,Goals_Total_Career,Matches_Finals,Goals_Total_Finals,Matches_Current,Goals_Total_Current,RatingPoints_Career,Supercoach_Career,Disposals_Career,ContestedPossessions_Career,Goals_Career,RatingPoints_Recent,Supercoach_Recent,Disposals_Recent,ContestedPossessions_Recent,Goals_Recent
Alex Neal-Bullen,Adelaide,28,29,29.97,182,Gen. Forward,2015,178,119,10,7,2,3,9.46,71.713,15.809,6.124,0.669,11.045,83.4,18.9,7.1,0.4
Ben Keays,Adelaide,2,28,28.85,185,Gen. Forward,2016,138,97,0,,2,5,10.413,83.022,19.659,8.254,0.703,11.33,87.65,17.1,7.4,1.6
Billy Dowling,Adelaide,31,21,21.5,187,Midfielder,2024,9,4,0,,0,,6.5,66.778,17,6,0.444,6.5,66.778,17,6,0.444
Brayden Cook,Adelaide,15,23,23.45,189,Gen. Forward,2021,27,15,0,,0,,5.5,46.704,10.37,3.296,0.556,6.13,47.4,9.7,3.05,0.7
Brodie Smith,Adelaide,33,33,33.96,194,Gen. Defender,2011,262,71,8,4,0,,10.677,78.29,19.592,5.206,0.271,7.355,67.35,18.55,4.95,0
Charlie Edwards,Adelaide,11,20,20.62,191,Midfielder,,0,,,,0,,,,,,,,,,,
Chayce Jones,Adelaide,1,25,25.96,180,Midfielder,2019,92,23,0,,0,,6.762,54.576,13.054,4.978,0.25,8.105,59.5,14.4,5.5,0.35
Chris Burgess,Adelaide,21,30,30.09,193,Key Forward,2019,43,21,0,,0,,6.151,51.814,8.349,4.605,0.488,5.96,54.7,8.15,4.65,0.55
Daniel Curtin,Adelaide,6,20,20.81,197,Gen. Forward,2024,9,4,0,,2,1,5.611,37.444,8.222,3.333,0.444,5.611,37.444,8.222,3.333,0.444
Darcy Fogarty,Adelaide,32,26,26.26,192,Key Forward,2018,104,165,0,,2,7,8.557,61.269,9.779,4.644,1.587,11.125,71.5,11.4,4.7,2.2
Harry Schoenberg,Adelaide,26,24,24.85,180,Gen. Forward,2020,61,22,0,,0,,7.692,61.426,15.639,6.541,0.361,7.355,54.05,13.8,5.7,0.3
Hugh Bond,Adelaide,40,21,21.26,185,Gen. Defender,2024,7,0,0,,0,,7.086,46.429,7.857,4.714,0,7.086,46.429,7.857,4.714,0
Isaac Cumming,Adelaide,44,27,27.38,188,Midfielder,2018,83,12,7,2,2,2,9.229,80,19.024,4.831,0.145,8.08,66.5,14,4.55,0.55
Izak Rankine,Adelaide,23,25,25.69,179,Mid-Forward,2020,85,126,0,,2,4,11.213,75.447,14.388,7.424,1.482,16.42,97.05,18.2,9.75,1.85
Jake Soligo,Adelaide,14,22,22.93,179,Midfielder,2022,62,25,0,,2,3,9.795,75.5,18.435,8.129,0.403,11.545,88.05,23.2,10.25,0.4
James Borlase,Adelaide,35,23,23.45,192,Key Defender,2023,14,1,0,,0,,6.979,61.143,9.786,4.143,0.071,6.979,61.143,9.786,4.143,0.071
James Peatling,Adelaide,25,25,25.36,186,Mid-Forward,2021,47,17,3,3,2,1,6.826,56.213,12.085,5.298,0.362,8.945,68.3,14.3,7.4,0.35
Jordan Dawson,Adelaide,12,28,28.72,190,Midfielder,2017,133,62,1,0,2,2,12.278,99.316,22.338,6.609,0.466,14.28,106.45,24.85,7.45,0.55
Jordon Butts,Adelaide,41,26,26,195,Key Defender,2020,75,0,0,,0,,5.909,51.16,9.6,3.387,0,6.17,49.1,9.1,3,0
Josh Rachele,Adelaide,8,22,22.72,180,Gen. Forward,2022,58,76,0,,2,6,9.016,66.052,14.052,5.138,1.31,10.49,68.3,14.35,5,1.55
Josh Worrell,Adelaide,24,24,24.72,195,Key Defender,2021,32,0,0,,2,0,8.956,77.688,15.969,5.938,0,9.45,82.1,17.2,5.65,0
Karl Gallagher,Adelaide,36,23,23.85,185,Gen. Forward,,0,,,,0,,,,,,,,,,,
Kieran Strachan,Adelaide,45,30,30.23,202,Ruck,2020,7,1,0,,0,,7.557,73.429,11.143,6,0.143,7.557,73.429,11.143,6,0.143
Lachlan McAndrew,Adelaide,42,25,25.6,210,Ruck,2023,2,0,0,,0,,4.6,38,6,4,0,4.6,38,6,4,0
Lachlan Murphy,Adelaide,4,27,27.07,178,Gen. Forward,2018,115,75,0,,0,,7.464,57.852,11.696,5.548,0.652,8.075,58.35,12.1,5.9,0.4
Lachlan Sholl,Adelaide,38,25,25.81,186,Midfielder,2020,76,26,0,,2,1,7.141,69.855,17.947,4.842,0.342,8.355,85.15,21.7,5.65,0.6
Luke Nankervis,Adelaide,27,22,22.6,189,Gen. Defender,2023,24,1,0,,0,,7.287,68.25,16.417,4.792,0.042,7.775,71,17,5.05,0.05
Luke Pedlar,Adelaide,10,23,23.62,183,Gen. Forward,2021,30,27,0,,0,,5.58,45.567,9.867,4.533,0.9,5.92,49.15,10.6,5.25,1
Mark Keane,Adelaide,48,25,25.79,194,Key Defender,2020,33,0,0,,2,0,9.3,70.788,15.576,4.909,0,9.405,73.85,16.15,5.1,0
Matt Crouch,Adelaide,5,30,30.69,181,Midfielder,2014,160,31,7,2,2,1,10.939,96.787,28.387,11.05,0.194,13.03,105.8,30.1,12.65,0.1
Max Michalanney,Adelaide,16,21,21.84,190,Gen. Defender,2023,47,0,0,,2,0,5.543,61.489,12.936,3.723,0,6.005,66.45,15.15,4.15,0
Mitchell Hinge,Adelaide,20,27,27.5,187,Gen. Defender,2019,67,8,0,,2,1,10.101,82.06,18.687,5.94,0.119,10.85,91.5,21.8,6.1,0.15
Nick Murray,Adelaide,9,25,25.03,195,Key Defender,2021,57,1,0,,2,0,6.856,52.14,8.895,3.737,0.018,7.11,58.85,10.55,3.8,0
Oscar Ryan,Adelaide,22,20,20.63,187,Gen. Defender,,0,,,,0,,,,,,,,,,,
Reilly O'Brien,Adelaide,43,30,30.36,201,Ruck,2016,123,14,0,,2,0,12.499,96.911,13.374,8.22,0.114,11.36,93.35,11.45,5.9,0.05
Riley Thilthorpe,Adelaide,7,23,23.48,201,Key Forward,2021,55,65,0,,2,6,8.66,62.964,10.818,6.4,1.182,10.355,66.95,11.15,6.15,1.45
Rory Laird,Adelaide,29,32,32,178,Gen. Defender,2013,249,30,7,0,2,0,11.284,100.731,27.108,9.843,0.12,11.545,101.7,27.85,10.35,0.05
Sam Berry,Adelaide,3,23,23.88,181,Midfielder,2021,57,12,0,,0,,8.144,64.825,13.316,7.421,0.211,7.58,62,13.25,7.25,0.2
Sid Draper,Adelaide,34,19,19.49,182,Midfielder,2025,2,0,0,,2,0,0.75,23.5,8.5,2.5,0,0.75,23.5,8.5,2.5,0
Taylor Walker,Adelaide,13,35,35.68,192,Key Forward,2009,280,643,10,23,2,2,11.486,75.993,12.625,5.836,2.296,9.05,66.45,10.75,4.05,1.55
Toby Murray,Adelaide,39,22,22.15,200,Key Forward,,0,,,,0,,,,,,,,,,,
Tyler Welsh,Adelaide,17,19,19.37,192,Key Forward,,0,,,,0,,,,,,,,,,,
Wayne Milera,Adelaide,30,28,28.29,185,Gen. Defender,2016,101,30,0,,2,1,8.528,69.733,16.911,4.901,0.297,9.28,78.2,19.9,5.25,0.15
Zac Taylor,Adelaide,19,22,22.91,180,Mid-Forward,2024,9,4,0,,0,,5.678,43.667,9.889,5.667,0.444,5.678,43.667,9.889,5.667,0.444
Brandon Ryan,Brisbane,24,28,28.14,200,Key Forward,2023,4,5,0,,0,,3.175,31.25,5,1.5,1.25,3.175,31.25,5,1.5,1.25
Brandon Starcevich,Brisbane,37,26,26.43,188,Gen. Defender,2018,119,7,14,0,1,0,6.76,58.773,11.966,4.286,0.059,7.775,59.3,11.55,3.85,0.05
Bruce Reville,Brisbane,38,24,24.85,185,Midfielder,2024,13,4,0,,1,0,6.231,48.538,10.538,2.615,0.308,6.231,48.538,10.538,2.615,0.308
Callum Ah Chee,Brisbane,4,28,28.22,182,Gen. Forward,2016,145,79,12,14,2,4,6.813,57.697,12.007,5.048,0.545,8.975,70.4,13.55,5.05,1.3
Cam Rayner,Brisbane,16,26,26.19,187,Gen. Forward,2018,142,135,13,13,2,0,8.568,65.056,13.021,5.859,0.951,11.665,74.85,14.85,7.15,1.3
Charlie Cameron,Brisbane,23,31,31.49,180,Gen. Forward,2014,229,404,23,47,0,,9.469,69.323,11.328,4.843,1.764,7.58,59,10.65,3.1,1.7
Conor McKenna,Brisbane,26,29,29.76,184,Gen. Forward,2015,125,27,9,1,2,0,8.605,64.312,16.472,3.904,0.216,4.185,46.75,12.35,2.65,0
Darcy Craven,Brisbane,45,21,21.44,174,Gen. Forward,,0,,,,0,,,,,,,,,,,
Darcy Fort,Brisbane,32,32,32.4,204,Ruck,2019,37,18,2,1,1,1,8.87,67,9.514,6.486,0.486,7.75,59.6,9,6.55,0.3
Darcy Gardiner,Brisbane,27,30,30.27,192,Key Forward,2014,165,8,10,0,0,,6.865,60.133,12.127,4.558,0.048,6.385,57.7,10.3,4.55,0.15
Darcy Wilmot,Brisbane,44,22,22,183,Gen. Defender,2022,58,6,10,1,2,0,9.426,75.914,17.69,5.586,0.103,10.35,85.4,20.55,6.3,0
Darragh Joyce,Brisbane,41,28,28.69,195,Key Defender,2018,24,0,0,,0,,4.638,42.958,9.833,3.458,0,4.555,43.7,9.7,3.25,0
Dayne Zorko,Brisbane,15,36,36.89,175,Gen. Defender,2012,279,235,16,4,2,2,13.392,99.247,21.599,8.108,0.842,12.845,113.45,26.5,5,0.25
Deven Robertson,Brisbane,2,24,24.5,185,Mid-Forward,2020,43,10,7,2,0,,5.872,52.605,10.977,5.047,0.233,4.925,46.3,9.55,4.45,0.15
Eric Hipwood,Brisbane,30,28,28.29,204,Key Forward,2016,179,265,14,18,2,3,5.859,57.52,10.05,4.011,1.48,6.27,62.25,10.95,3.3,1.35
Harris Andrews,Brisbane,31,29,29.05,200,Key Defender,2015,214,11,16,0,2,0,11.794,80.528,13.084,5.201,0.051,9.995,75.1,13,4.55,0
Henry Smith,Brisbane,25,23,23.26,202,Key Forward,2024,4,0,0,,0,,4.7,39.25,7.75,4.5,0,4.7,39.25,7.75,4.5,0
Hugh McCluggage,Brisbane,6,27,27.83,187,Midfielder,2017,184,116,16,11,2,0,10.874,92.554,21.924,8.141,0.63,12.715,100.35,23.3,8.7,0.7
Jack Payne,Brisbane,40,26,26.21,196,Key Defender,2020,70,2,10,0,2,0,7.096,59.1,10.2,3.671,0.029,7.11,60.15,9.95,3.8,0
James Tunstill,Brisbane,29,22,22.45,187,Mid-Forward,2022,9,1,0,,0,,4.211,29.667,7,2.667,0.111,4.211,29.667,7,2.667,0.111
Jarrod Berry,Brisbane,7,27,27.9,193,Midfielder,2017,162,64,16,4,2,0,8.484,78.043,17.611,6.673,0.395,8.545,85.75,19.8,6.2,0.15
Jaspa Fletcher,Brisbane,3,21,21.84,184,Midfielder,2023,43,14,7,4,2,1,7.284,61.558,13.674,4.581,0.326,7.27,62.8,14.4,5.05,0.15
Josh Dunkley,Brisbane,5,28,28.97,191,Midfielder,2016,169,75,18,5,2,2,11.695,102.716,23.118,10.396,0.444,12.685,111.2,25.2,11.2,0.3
Kai Lohmann,Brisbane,1,22,22.65,185,Gen. Forward,2022,36,37,4,9,1,0,7.325,61.167,10.25,4.611,1.028,9.475,75.15,12.1,5.25,1.5
Keidean Coleman,Brisbane,18,25,25.75,182,Gen. Defender,2020,65,14,9,0,0,,7.837,68.677,14.308,4.477,0.215,8.855,77.65,17.1,4.3,0.1
Lachie Neale,Brisbane,9,32,32.6,177,Midfielder,2012,274,129,23,7,2,1,14.029,107.354,27.361,13.135,0.471,17.69,116.65,29.4,13.7,0.65
Levi Ashcroft,Brisbane,10,19,19.03,181,Gen. Forward,2025,2,0,0,,2,0,5.95,78,21,6,0,5.95,78,21,6,0
Lincoln McCarthy,Brisbane,11,32,32.19,176,Gen. Forward,2012,151,167,15,11,0,,8.26,64.623,11.854,5.576,1.106,8.825,66.65,12.3,5.15,1.25
Logan Morris,Brisbane,13,20,20.64,191,Key Forward,2024,21,28,4,6,2,4,6.781,54.286,8,3.81,1.333,7.015,55.15,8.15,3.9,1.35
Luke Beecken,Brisbane,17,24,24.7,185,Gen. Defender,,0,,,,0,,,,,,,,,,,
Luke Lloyd,Brisbane,19,20,20.39,193,Key Forward,,0,,,,0,,,,,,,,,,,
Noah Answerth,Brisbane,43,26,26.4,182,Gen. Defender,2019,73,2,8,0,2,0,5.905,58.836,12.288,4.11,0.027,6.275,61.25,12.15,4.25,0
Oscar McInerney,Brisbane,46,31,31.47,205,Ruck,2018,153,64,14,4,2,1,10.92,84.085,11.072,8.281,0.418,14.085,97.4,13.6,10.45,0.5
Reece Torrent,Brisbane,36,20,20.41,184,Midfielder,,0,,,,0,,,,,,,,,,,
Ryan Lester,Brisbane,35,33,33.34,190,Gen. Defender,2011,209,47,10,2,2,0,8.668,68.383,14.359,5.368,0.225,9.015,73.25,14.65,4.5,0
Sam Day,Brisbane,14,33,33.31,197,Key Forward,2011,156,117,0,,1,0,7.326,56.532,9.494,5.045,0.75,5.98,54.95,7.95,4.6,1.05
Sam Marshall,Brisbane,20,19,19.94,185,Midfielder,,0,,,,0,,,,,,,,,,,
Shadeau Brain,Brisbane,34,21,21.87,183,Gen. Defender,2024,9,0,0,,0,,5.678,46.444,9.889,4.556,0,5.678,46.444,9.889,4.556,0
Tom Doedee,Brisbane,12,28,28.83,190,Gen. Defender,2018,82,3,0,,0,,10.301,79.768,16.256,6,0.037,8.67,67.25,14.65,4.6,0
Ty Gallop,Brisbane,22,19,19.89,194,Key Forward,,0,,,,0,,,,,,,,,,,
Will Ashcroft,Brisbane,8,21,21.65,182,Mid-Forward,2023,33,11,4,1,2,0,10.427,86.182,22.424,8,0.333,10.565,90.3,22.3,7.65,0.2
Will McLachlan,Brisbane,28,20,20.71,185,Gen. Forward,,1,2,0,,1,2,7.9,62,8,4,2,7.9,62,8,4,2
Zac Bailey,Brisbane,33,26,26.27,181,Gen. Forward,2018,142,148,16,15,2,5,9.626,72.303,15.775,5.866,1.042,9.56,72.05,16.05,4.7,1.15
Zane Zakostelsky,Brisbane,21,20,20.04,196,Key Defender,,0,,,,0,,,,,,,,,,,
Adam Cerra,Carlton,5,26,26.23,188,Midfielder,,131,35,4,1,2,1,9.91,83.71,19.786,7.458,0.267,10.805,88.95,20.65,8.25,0.3
Adam Saad,Carlton,42,31,31.44,178,Gen. Defender,,197,11,5,2,2,0,11.371,84.137,18.386,5.406,0.056,11.73,83.7,18.2,5.45,0.05
Alex Cincotta,Carlton,39,29,29.03,187,Gen. Defender,,35,11,3,0,0,,7.331,50.714,11.2,4.429,0.314,6.38,45.9,9.45,4.05,0.4
Ashton Moir,Carlton,43,20,20.71,188,Gen. Forward,,2,2,0,,0,,5.55,28.5,4,2,1,5.55,28.5,4,2,1
Ben Camporeale,Carlton,16,19,19.44,186,Midfielder,,0,,,,0,,,,,,,,,,,
Billy Wilson,Carlton,35,20,20.54,183,Gen. Defender,,0,,,,0,,,,,,,,,,,
Blake Acres,Carlton,13,30,30.23,193,Midfielder,,170,61,6,4,2,1,9.136,78.018,19.635,6.588,0.359,9.73,86.55,22.15,7.15,0.6
Brodie Kemp,Carlton,17,24,24.66,192,Gen. Forward,,46,9,3,0,2,2,7.25,64.652,13.913,4.065,0.196,7.165,62.4,12.75,4.1,0.4
Charlie Curnow,Carlton,30,28,28.9,194,Key Forward,,132,281,3,3,1,0,11.081,78.977,12.856,6.364,2.129,11.13,79.3,11.7,5.6,2.55
Cooper Lord,Carlton,36,20,20.78,184,Mid-Forward,,4,0,0,,2,0,6.075,55.25,12.75,5.75,0,6.075,55.25,12.75,5.75,0
Corey Durdin,Carlton,19,23,23.71,173,Gen. Forward,,48,34,1,0,0,,6.05,43.771,7.708,3.458,0.708,5.04,41,6.85,3.05,0.6
Elijah Hollands,Carlton,20,23,23.68,189,Gen. Forward,,36,25,1,1,0,,8.761,68.222,16.389,5.667,0.694,9.775,75.75,18.05,5.65,0.8
Francis Evans,Carlton,44,24,24.35,182,Gen. Forward,,35,23,3,0,1,1,4.557,37.257,7.371,3.257,0.657,4.92,39.5,7.4,3.45,0.65
George Hewett,Carlton,29,30,30,187,Midfielder,,181,47,12,3,2,1,10.062,80.713,19.718,9.392,0.26,11.655,93.55,23.75,10.9,0.35
Harry Charleson,Carlton,28,19,19.51,182,Gen. Defender,,0,,,,0,,,,,,,,,,,
Harry Lemmey,Carlton,31,21,21.91,201,Key Forward,,0,,,,0,,,,,,,,,,,
Harry McKay,Carlton,10,28,28.01,200,Key Forward,,129,253,3,5,1,1,8.152,72.008,10.806,5.628,1.961,9.06,80.4,13.1,5.85,2.2
Harry O'Farrell,Carlton,22,19,19.66,197,Key Defender,,0,,,,0,,,,,,,,,,,
Hudson O'Keeffe,Carlton,40,21,21.04,202,Ruck,,0,,,,0,,,,,,,,,,,
Jack Silvagni,Carlton,1,28,28.03,194,Key Defender,,117,89,0,,2,2,7.219,60.983,12.222,4.658,0.761,9.26,71.7,13.4,6.25,0.85
Jacob Weitering,Carlton,23,28,28.1,195,Key Defender,,183,11,4,0,2,0,9.863,75.257,13.973,5.202,0.06,11.585,77.1,14.1,5.6,0
Jagga Smith,Carlton,7,19,19.92,182,Midfielder,,0,,,,0,,,,,,,,,,,
Jaxon Binns,Carlton,25,21,21.17,183,Midfielder,,3,2,0,,0,,7.633,45.333,12,3,0.667,7.633,45.333,12,3,0.667
Jesse Motlop,Carlton,3,22,22.1,180,Gen. Forward,,42,43,4,2,2,1,6.936,47.31,9.333,4.048,1.024,6.45,48.55,9.6,4.05,1.05
Jordan Boyd,Carlton,37,27,27.27,182,Gen. Defender,,35,1,1,0,0,,5.991,56.829,12.943,3.343,0.029,6.29,61.7,13.95,3.1,0.05
Lachie Fogarty,Carlton,8,26,26.75,180,Gen. Forward,,72,25,3,0,2,0,7.531,60.181,12.681,4.972,0.347,8.025,58.35,11.4,4.5,0.45
Lachlan Cowan,Carlton,2,21,21.08,188,Gen. Defender,,26,2,1,0,2,1,6.231,55.962,11.808,3.769,0.077,6.79,59.35,12.35,3.95,0.1
Lewis Young,Carlton,33,27,27.03,202,Key Defender,,68,3,4,0,1,0,8.329,65.632,12.529,4.588,0.044,7.72,64.25,12.25,4.15,0.05
Lucas Camporeale,Carlton,21,19,19.44,184,Midfielder,,2,0,0,,2,0,5.35,54,14.5,6,0,5.35,54,14.5,6,0
Marc Pittonet,Carlton,27,29,29.57,202,Ruck,,73,10,4,2,0,,10.333,75.589,10.233,7.027,0.137,12.65,79.6,12.25,9.15,0.25
Matt Duffy,Carlton,41,21,21.99,194,Gen. Defender,,0,,,,0,,,,,,,,,,,
Matthew Carroll,Carlton,32,20,20.09,190,Gen. Defender,,0,,,,0,,,,,,,,,,,
Matthew Cottrell,Carlton,46,25,25.83,184,Gen. Forward,,70,36,3,3,2,2,6.924,55.7,12.943,4.386,0.514,8.035,59.25,11.6,4.25,0.75
Mitch McGovern,Carlton,11,31,31.22,190,Gen. Defender,,130,109,7,3,2,0,7.803,65.123,12.469,4.1,0.838,8.78,73.85,16.3,4.15,0.15
Nic Newman,Carlton,24,32,32.95,186,Gen. Defender,,134,18,7,0,0,,9.577,89.187,21.015,5.493,0.134,10.685,105.6,24.6,5.2,0.05
Nick Haynes,Carlton,26,33,33.62,192,Gen. Defender,,213,13,14,1,2,0,8.408,74.765,16.207,4.765,0.061,5.89,60.45,14.2,3.55,0.05
Oliver Hollands,Carlton,4,21,21.95,184,Gen. Defender,,44,7,3,0,2,0,6.041,59.75,14.045,3.75,0.159,7.535,65.2,14.9,3.65,0.2
Orazio Fantasia,Carlton,14,30,30.29,180,Gen. Forward,,114,150,5,7,0,,9.447,61.991,12.412,4.535,1.316,5.675,36.95,7.8,2.9,0.55
Patrick Cripps,Carlton,9,30,30.78,195,Midfielder,,209,113,4,4,2,0,14.087,103.431,25.799,14.718,0.541,18.16,111.25,29.5,15.85,0.65
Rob Monahan,Carlton,34,21,21.5,189,Gen. Forward,,0,,,,0,,,,,,,,,,,
Sam Docherty,Carlton,15,32,32.2,187,Midfielder,,171,26,4,3,2,0,9.736,95.07,23.111,5.889,0.152,9.445,92.45,22.8,6.1,0.3
Sam Walsh,Carlton,18,25,25.49,184,Mid-Forward,,121,43,4,2,2,1,11.94,104.669,27.512,10.545,0.355,12.845,101.55,27.3,10.95,0.3
Tom De Koning,Carlton,12,26,26.46,201,Ruck,,80,30,4,2,2,0,10.154,76.75,12.088,7.662,0.375,14.46,101.85,16.95,10.45,0.45
Will White,Carlton,38,21,21.78,179,Gen. Forward,,0,,,,0,,,,,,,,,,,
Zac Williams,Carlton,6,31,31.27,186,Gen. Forward,,157,50,12,2,2,3,11.441,81.631,18.58,6.376,0.318,9.3,65.05,12.3,4.45,0.9
Ash Johnson,Collingwood,40,28,28.23,193,Key Forward,2022,27,36,3,2,0,,5.919,46.741,7.259,4,1.333,4.845,41.9,7,3.8,1.05
Beau McCreery,Collingwood,31,24,24.7,186,Gen. Forward,2021,80,53,6,3,3,1,6.845,50.938,9.338,3.4,0.662,7.555,54.25,10.35,4,0.55
Billy Frampton,Collingwood,17,29,29.11,201,Key Defender,2018,58,20,1,0,0,,5.616,54.241,10.069,3.724,0.345,5.855,48.15,8.55,3.5,0.05
Bobby Hill,Collingwood,23,25,25.89,175,Gen. Forward,2019,91,102,5,9,3,5,7.313,56.143,9.912,3.67,1.121,7.745,62.85,11,3.95,1.3
Brayden Maynard,Collingwood,4,29,29.27,189,Gen. Defender,2015,212,22,14,0,3,2,9.152,79.425,17.731,5.274,0.104,9.14,70.95,16,4.8,0.2
Brody Mihocek,Collingwood,41,32,32.9,192,Key Forward,2018,139,236,14,18,2,5,7.969,64.374,10.662,4.791,1.698,8.205,65,10.75,4.9,1.85
Charlie Dean,Collingwood,43,24,24.53,195,Key Defender,2024,8,0,0,,0,,7.463,55.125,10.5,4,0,7.463,55.125,10.5,4,0
Charlie West,Collingwood,29,19,19.91,194,Key Forward,,0,,,,0,,,,,,,,,,,
Dan Houston,Collingwood,9,28,28.63,186,Gen. Defender,2017,170,42,7,1,2,1,10.437,92.224,20.524,6.465,0.247,12.965,106.5,23.3,5.55,0.3
Daniel McStay,Collingwood,11,30,30.52,196,Key Forward,2014,183,170,10,10,3,4,7.491,59.612,10.016,4.508,0.929,5.96,60.7,9.65,4.4,1.5
Darcy Cameron,Collingwood,14,30,30.45,204,Ruck,2018,98,62,8,2,3,0,10.704,87.041,12.99,8.194,0.633,13.805,109.45,16.15,10.65,0.35
Darcy Moore,Collingwood,30,29,29.93,203,Key Defender,2015,176,67,10,0,3,0,10.082,74.426,12.943,5.318,0.381,11.72,76.35,12.9,5.05,0
Edward Allan,Collingwood,16,21,21.6,194,Midfielder,2024,3,1,0,,1,0,10.3,63.667,15.667,7,0.333,10.3,63.667,15.667,7,0.333
Finlay Macrae,Collingwood,18,23,23.8,188,Mid-Forward,2021,21,5,0,,0,,5.09,38.571,10.762,3.952,0.238,5.08,38.45,10.4,3.95,0.25
Harry DeMattia,Collingwood,13,20,20.3,185,Gen. Defender,,0,,,,0,,,,,,,,,,,
Harry Perryman,Collingwood,12,27,27.03,187,Midfielder,2017,132,28,12,0,3,0,9.321,79.818,18.485,6.333,0.212,8.67,74.75,17.95,4.85,0.15
Harvey Harrison,Collingwood,36,22,22.13,181,Gen. Forward,2023,16,14,0,,0,,6.569,45,8.688,2.75,0.875,6.569,45,8.688,2.75,0.875
Iliro Smit,Collingwood,20,20,20.39,200,Ruck,,0,,,,0,,,,,,,,,,,
Isaac Quaynor,Collingwood,3,25,25.95,180,Gen. Defender,2019,111,5,8,0,3,0,8.244,69.099,14.937,5.135,0.045,6.88,56.6,12.4,3.85,0.1
Jack Crisp,Collingwood,25,32,32.24,190,Midfielder,2012,252,87,14,10,3,0,12.275,89.901,21.837,8.095,0.345,14.5,91.2,21.5,10.25,0.6
Jakob Ryan,Collingwood,24,21,21.27,189,Gen. Defender,2023,1,0,0,,0,,0.1,12,5,2,0,0.1,12,5,2,0
Jamie Elliott,Collingwood,5,33,33.36,177,Gen. Forward,2012,197,292,13,11,3,5,8.855,71.827,13.107,4.873,1.482,7.68,66.4,13.05,4.55,1.35
Jeremy Howe,Collingwood,38,35,35.5,190,Key Defender,2011,255,103,12,1,3,0,10.668,82.859,16.561,5.6,0.404,9.8,81.85,14.95,3.4,0.25
Joel Cochran,Collingwood,27,19,19.76,195,Key Defender,,0,,,,0,,,,,,,,,,,
Jordan De Goey,Collingwood,2,29,29.79,188,Midfielder,2015,172,201,13,20,1,0,11.228,82.029,18.68,7.773,1.169,11.565,82.7,21.05,8.6,0.8
Josh Daicos,Collingwood,7,27,27.09,178,Gen. Defender,2017,129,64,8,2,3,0,9.022,79.434,21.124,6.24,0.496,10.105,89.8,25.35,6.5,0.3
Lachie Schultz,Collingwood,8,28,28.08,178,Gen. Forward,2019,113,128,2,2,3,3,7.11,64.726,12.681,4.805,1.133,6.415,62.9,12.5,4.35,1.2
Lachlan Sullivan,Collingwood,33,28,28.26,180,Mid-Forward,2024,11,3,0,,1,1,7.009,52.545,12.818,5.909,0.273,7.009,52.545,12.818,5.909,0.273
Mason Cox,Collingwood,46,34,34.8,211,Ruck,2016,130,123,12,10,1,0,7.605,59,8.362,5.369,0.946,6.525,57.85,7.65,5.35,0.35
Ned Long,Collingwood,44,22,22.9,194,Midfielder,2022,15,3,0,,3,0,5.293,46.867,10,3.733,0.2,5.293,46.867,10,3.733,0.2
Nick Daicos,Collingwood,35,22,22.99,184,Midfielder,2022,73,47,5,2,3,1,13.874,106.986,29,9.685,0.644,16.265,115.85,30.6,14.05,0.9
Oleg Markov,Collingwood,37,29,29.64,188,Gen. Defender,2016,86,7,3,0,0,,6.971,59.628,13.372,3.953,0.081,6.895,51,11.35,3.15,0.05
Oscar Steene,Collingwood,21,22,22.35,201,Ruck,,0,,,,0,,,,,,,,,,,
Patrick Lipinski,Collingwood,1,27,27.45,190,Midfielder,2017,121,63,8,1,3,1,9.14,73.562,18.223,6.198,0.521,9.45,75.2,17.75,6.15,0.65
Reef McInnes,Collingwood,26,23,23.05,194,Gen. Defender,2022,23,19,0,,3,0,4,32.609,5.826,2.478,0.826,3.845,30,5.2,2.45,0.85
Scott Pendlebury,Collingwood,10,37,37.98,191,Midfielder,2006,406,201,31,9,3,0,15.232,107.053,25.517,10.303,0.495,11.32,81.8,20.15,7.55,0.35
Steele Sidebottom,Collingwood,22,34,34.99,184,Midfielder,2009,334,197,26,12,3,3,11.926,93.278,23.296,7.551,0.59,9.955,82.75,19.5,7.05,0.35
Tew Jiath,Collingwood,19,20,20.83,188,Gen. Defender,2024,1,0,0,,0,,4.4,24,5,1,0,4.4,24,5,1,0
Tim Membrey,Collingwood,28,31,31.6,188,Key Forward,2014,182,298,2,2,3,5,8.621,72.374,12.566,4.967,1.637,7.445,64.15,11.65,4.75,1.5
Tom Mitchell,Collingwood,6,32,32.58,181,Midfielder,2013,203,84,13,4,0,,11.83,105.941,28.631,12.049,0.414,8.79,88.25,22.45,10.25,0.15
Wil Parker,Collingwood,15,23,23.59,180,Gen. Defender,2024,5,1,0,,0,,5.72,42,8.4,4.2,0.2,5.72,42,8.4,4.2,0.2
Will Hoskin-Elliott,Collingwood,32,32,32.32,186,Gen. Forward,2012,225,186,14,8,1,0,7.872,63.858,13.413,4.4,0.827,8.01,65.8,12.35,4.5,0.85
William Hayes,Collingwood,39,19,19.62,180,Mid-Forward,,0,,,,0,,,,,,,,,,,
Alwyn Davey Jnr,Essendon,33,21,21.68,180,Gen. Forward,2023,20,9,0,,0,,4.665,32.25,6.75,2.85,0.45,4.665,32.25,6.75,2.85,0.45
Andrew McGrath,Essendon,1,27,27.58,180,Gen. Defender,2017,159,20,3,1,2,0,9.721,82.491,21.541,6.503,0.126,9.955,91.5,22.2,5.6,0
Angus Clarke,Essendon,36,19,19.16,189,Key Defender,,0,,,,0,,,,,,,,,,,
Archer Day-Wicks,Essendon,44,19,19.63,186,Gen. Forward,,0,,,,0,,,,,,,,,,,
Archie Perkins,Essendon,16,23,23.76,188,Key Forward,2021,82,49,1,0,2,1,7.176,58.732,13.695,4.793,0.598,8.28,64.75,15.75,5.55,0.3
Archie Roberts,Essendon,21,20,20.11,184,Gen. Defender,2024,6,1,0,,2,0,6.783,71.667,20.833,6.5,0.167,6.783,71.667,20.833,6.5,0.167
Ben Hobbs,Essendon,8,22,22.29,183,Gen. Forward,2022,49,16,0,,2,0,6.49,61.898,15.837,5.98,0.327,6.275,54.75,14.7,5.4,0.1
Ben McKay,Essendon,32,28,28.01,202,Key Defender,2017,96,1,0,,2,0,8.577,60.052,10.708,4.271,0.01,9.32,63.2,12.35,5.2,0
Darcy Parish,Essendon,3,28,28.43,180,Midfielder,2016,162,55,3,1,0,,11.462,91.975,24.389,10.377,0.34,11.45,96.95,26.45,10.65,0.15
Dylan Shiel,Essendon,9,32,32.81,182,Gen. Defender,2012,222,91,9,1,2,0,12.68,89.392,23.694,9.275,0.41,10.305,69,19.25,6.9,0.2
Elijah Tsatas,Essendon,5,21,21.2,187,Midfielder,2023,13,2,0,,2,0,6.208,48,13.769,5.385,0.154,6.208,48,13.769,5.385,0.154
Harrison Jones,Essendon,23,24,24.84,196,Mid-Forward,2021,54,54,0,,2,1,6.4,52.074,9.056,3.741,1,6.69,57.1,11.15,4,0.8
Isaac Kako,Essendon,10,19,19.81,176,Gen. Forward,2025,2,3,0,,2,3,10.3,48,11.5,5,1.5,10.3,48,11.5,5,1.5
Jade Gresham,Essendon,11,28,28.35,177,Gen. Forward,2016,160,157,1,0,2,2,9.958,72.144,17.606,7.231,0.981,7.445,57.15,13.75,4.75,0.7
Jaxon Prior,Essendon,25,24,24.57,189,Gen. Defender,2021,41,11,2,0,2,0,4.344,43.878,9.902,3.268,0.268,4.715,49.7,11.55,3.65,0.2
Jayden Laverde,Essendon,15,29,29.72,193,Key Defender,2015,131,38,2,1,0,,6.418,65.168,13.695,4.443,0.29,6.69,67.95,16.05,4.65,0
Jayden Nguyen,Essendon,42,19,19.43,177,Gen. Defender,,0,,,,0,,,,,,,,,,,
Jordan Ridley,Essendon,14,27,27.19,195,Key Defender,2018,95,2,1,0,1,0,9.965,93.716,19.253,4.326,0.021,11.755,98.15,20.55,4.55,0.05
Jye Caldwell,Essendon,6,25,25.25,183,Midfielder,2019,80,28,1,0,2,2,9.688,81.825,19.188,8.162,0.35,12.58,99.4,24.5,10.05,0.4
Jye Menzie,Essendon,29,23,23.17,180,Gen. Forward,2022,38,27,0,,1,0,4.374,40.605,8.684,3.263,0.711,2.86,36,8.55,3,0.35
Kayle Gerreyn,Essendon,19,19,19.64,200,Ruck,,0,,,,0,,,,,,,,,,,
Kyle Langford,Essendon,4,29,29.08,192,Key Forward,2015,154,173,1,0,1,2,9.215,73.5,15.5,5.63,1.123,10.675,78.6,12.9,5.1,1.85
Lewis Hayes,Essendon,18,21,21.03,199,Key Defender,,0,,,,0,,,,,,,,,,,
Luamon Lual,Essendon,34,20,20.76,181,Gen. Defender,,0,,,,0,,,,,,,,,,,
Mason Redman,Essendon,27,28,28.34,187,Gen. Defender,2016,126,20,2,0,2,0,9.256,79.929,18.667,4.405,0.159,10.97,88.55,20.9,3.95,0.1
Matt Guelfi,Essendon,35,28,28.38,184,Gen. Forward,2018,109,60,1,0,0,,6.697,58.569,12.725,5.33,0.55,7.695,63.3,11.35,5.5,1
Nate Caddy,Essendon,30,20,20.46,193,Key Forward,2024,12,9,0,,2,0,5.1,48.25,10.5,4.75,0.75,5.1,48.25,10.5,4.75,0.75
Nic Martin,Essendon,37,24,24.74,192,Gen. Forward,2022,69,52,0,,2,1,11.142,90.899,23.449,6,0.754,12.885,102.8,26.7,5.8,0.75
Nick Bryan,Essendon,24,24,24.19,203,Ruck,2021,21,2,0,,2,0,8.767,62.333,9.714,4.429,0.095,8.955,62.9,9.6,4.4,0.1
Nik Cox,Essendon,13,23,23.95,200,Midfielder,2021,53,18,1,0,0,,5.162,49.717,11.962,4.415,0.34,5.22,49.75,12.05,4.4,0.4
Peter Wright,Essendon,20,29,29.31,203,Key Forward,2015,133,205,1,0,0,,9.222,71.421,11.338,5.338,1.541,8.325,66.85,10.7,4.7,1.5
Rhys Unwin,Essendon,38,19,19.22,179,Midfielder,,0,,,,0,,,,,,,,,,,
Saad El-Hawli,Essendon,41,24,24.63,184,Midfielder,,0,,,,0,,,,,,,,,,,
Sam Draper,Essendon,2,27,27.25,205,Ruck,2020,75,40,1,0,2,4,10.976,74.627,10.213,6.733,0.533,10.985,74.3,10.75,6.75,0.75
Sam Durham,Essendon,22,24,24.47,185,Mid-Forward,2021,73,21,1,0,2,0,8.847,72.644,17.493,7.041,0.288,12.865,91.25,22.4,9.55,0.4
Thomas Edwards,Essendon,45,25,25.61,191,Key Forward,,1,3,0,,1,3,4.4,48,8,3,3,4.4,48,8,3,3
Todd Goldstein,Essendon,17,37,37.5,201,Ruck,2008,329,159,8,5,0,,14.041,99.055,13.134,7.316,0.483,10.29,71.75,10.5,6.45,0.2
Vigo Visentini,Essendon,39,20,20.32,203,Key Forward,,0,,,,0,,,,,,,,,,,
Will Setterfield,Essendon,12,27,27.9,192,Midfielder,2017,71,14,0,,0,,6.939,72.549,16.845,6.423,0.197,8.475,84.05,20.35,7.45,0.15
Xavier Duursma,Essendon,28,25,25.48,186,Midfielder,2019,90,44,6,1,2,2,7.078,70.444,16.644,5.444,0.489,8.74,77.1,17.75,4.7,0.6
Zach Merrett,Essendon,7,30,30.24,179,Midfielder,2014,231,84,4,0,2,6,13.669,105.16,27.286,9.121,0.364,16.91,112.55,27.7,8.95,0.9
Zach Reid,Essendon,31,23,23.83,202,Key Defender,2021,11,0,0,,2,0,3.891,43,8.455,2.727,0,3.891,43,8.455,2.727,0
Zak Johnson,Essendon,40,19,19.01,186,Midfielder,,0,,,,0,,,,,,,,,,,
Aiden Riddle,Fremantle,42,20,20.01,199,Ruck,,0,,,,0,,,,,,,,,,,
Alex Pearce,Fremantle,25,30,30.56,201,Key Defender,2015,123,5,2,0,1,0,7.828,57.39,10.602,4.959,0.041,9.36,65.1,10.95,4.9,0.05
Andrew Brayshaw,Fremantle,8,26,26.14,185,Midfielder,2018,147,51,2,1,1,1,10.796,96.823,24.633,8.81,0.347,13.83,109.05,28.9,11.4,0.35
Bailey Banfield,Fremantle,41,27,27.84,190,Gen. Forward,2018,98,63,2,0,1,1,6.812,53.122,11.378,4.592,0.643,7.25,58.65,13.9,3.9,0.85
Brandon Walker,Fremantle,31,23,23.2,186,Gen. Defender,2021,65,2,2,0,1,0,5.157,52.385,12.677,3.831,0.031,6.86,61.6,13.95,4.65,0.05
Brennan Cox,Fremantle,36,27,27.38,195,Key Defender,2017,112,32,2,0,1,1,9.047,72.652,13.304,4.982,0.286,9.9,72.15,13.85,4.75,0.15
Caleb Serong,Fremantle,3,24,24.89,180,Midfielder,2020,104,30,2,1,1,0,13.209,98.231,25.942,11.644,0.288,16.87,111.65,28.4,13.25,0.55
Charlie Nicholls,Fremantle,22,19,19.56,196,Key Forward,,0,,,,0,,,,,,,,,,,
Cooper Simpson,Fremantle,29,20,20.87,182,Gen. Forward,2024,2,0,0,,0,,4.45,37,5.5,1.5,0,4.45,37,5.5,1.5,0
Corey Wagner,Fremantle,34,28,28.77,181,Gen. Defender,2016,41,6,0,,1,0,6.139,58.561,13.488,3.878,0.146,7.37,69.75,17.1,3.7,0
Hayden Young,Fremantle,26,24,24.72,189,Midfielder,2020,80,15,2,0,0,,11.579,91.8,21.488,6.713,0.188,17.2,103.35,23.55,9.6,0.65
Heath Chapman,Fremantle,5,23,23.91,193,Gen. Forward,2021,43,2,2,0,1,0,7.258,68.953,16.512,4.605,0.047,7.655,66.75,15.45,4,0.05
Hugh Davies,Fremantle,12,21,21.25,196,Key Defender,2024,2,0,0,,0,,2.8,27,4,1.5,0,2.8,27,4,1.5,0
Isaiah Dudley,Fremantle,43,22,22.67,168,Gen. Forward,,0,,,,0,,,,,,,,,,,
Jack Delean,Fremantle,40,20,20.71,182,Gen. Forward,,0,,,,0,,,,,,,,,,,
Jaeger O'Meara,Fremantle,2,31,31.85,184,Midfielder,2013,187,85,1,0,1,0,10.976,86.684,21.663,9.674,0.455,9.125,72.1,17.55,6.1,0.4
James Aish,Fremantle,11,30,30.14,183,Gen. Defender,2014,183,33,7,0,0,,7.676,67.366,17.678,5.355,0.18,6.025,61.8,16.95,3.15,0
Jaren Carr,Fremantle,38,21,21.92,191,Gen. Forward,,0,,,,0,,,,,,,,,,,
Jeremy Sharp,Fremantle,14,24,24.38,189,Midfielder,2020,47,17,0,,1,0,6.157,59.149,15.702,3.17,0.362,7.12,67.3,18.1,3.3,0.4
Jordan Clark,Fremantle,6,25,25.2,185,Gen. Defender,2019,103,22,2,0,1,0,8.483,80.058,18.825,4.777,0.214,9.97,104.15,24.15,5.35,0.15
Josh Treacy,Fremantle,35,23,23.4,195,Key Forward,2021,57,75,0,,1,1,7.049,61.842,9.649,4.474,1.316,10.255,82.2,11.9,4.75,2.15
Joshua Draper,Fremantle,37,21,21.89,197,Key Defender,2024,21,0,0,,1,0,5.876,49.667,9.905,3.524,0,5.875,50.4,10.05,3.45,0
Jye Amiss,Fremantle,24,22,22.41,196,Key Forward,2022,48,81,2,2,1,0,6.394,53.917,7.958,3.75,1.688,5.13,52.3,8,3.9,1.45
Karl Worner,Fremantle,23,23,23.54,188,Midfielder,2023,9,0,0,,1,0,4.356,37.444,10.333,2.333,0,4.356,37.444,10.333,2.333,0
Liam Reidy,Fremantle,18,25,25.54,204,Ruck,2024,3,0,0,,1,0,5.033,38.667,5.333,2.333,0,5.033,38.667,5.333,2.333,0
Luke Jackson,Fremantle,9,24,24.25,199,Ruck,2020,99,73,5,1,1,0,11.121,85.04,14.141,7.727,0.737,12.265,89.25,15.25,8.15,0.85
Luke Ryan,Fremantle,13,29,29.89,186,Gen. Defender,2017,156,3,2,0,1,0,10.001,100.763,21.038,4.84,0.019,10.43,110.75,23.55,3.6,0
Matthew Johnson,Fremantle,44,22,22.79,193,Midfielder,2023,38,7,0,,1,0,6.482,59.842,15.395,4.553,0.184,6.55,65.1,16.45,5.1,0.15
Michael Frederick,Fremantle,32,25,25.62,183,Gen. Forward,2020,79,88,2,2,1,2,6.943,52.848,10.367,3.266,1.114,6.755,51.55,9.5,3.1,1.2
Michael Walters,Fremantle,10,34,34.98,176,Gen. Forward,2009,239,365,13,30,0,,10.869,77.092,15.427,6.469,1.527,5.01,44.55,9.3,2.6,1
Murphy Reid,Fremantle,16,19,19.42,182,Gen. Forward,2025,1,4,0,,1,4,13.6,50,13,3,4,13.6,50,13,3,4
Nat Fyfe,Fremantle,7,34,34.28,191,Midfielder,2010,240,178,11,7,0,,14.815,101.146,24,13.275,0.742,9.35,67.5,19.35,9.25,0.2
Nathan O'Driscoll,Fremantle,30,23,23.62,188,Midfielder,2022,25,12,2,1,1,0,6.484,56.84,14.52,4.28,0.48,6.175,55.25,14.7,4.4,0.4
Neil Erasmus,Fremantle,28,22,22.07,190,Mid-Forward,2022,23,2,0,,0,,3.848,38.87,11.217,3.696,0.087,3.86,37.45,10.85,3.5,0.1
Odin Jones,Fremantle,27,20,20.27,197,Key Forward,,0,,,,0,,,,,,,,,,,
Ollie Murphy,Fremantle,33,20,20.29,200,Key Defender,,0,,,,0,,,,,,,,,,,
Oscar McDonald,Fremantle,21,29,29.78,196,Key Defender,2015,87,3,3,0,0,,7.617,58.276,12.54,4.276,0.034,5.48,47.55,9.25,3,0.15
Patrick Voss,Fremantle,20,22,22.5,195,Key Forward,2024,7,7,0,,0,,2.771,46.143,8,3.857,1,2.771,46.143,8,3.857,1
Quinton Narkle,Fremantle,19,28,28.07,182,Gen. Forward,2018,57,26,6,1,0,,5.935,46.474,11.263,4.211,0.456,3.875,30.25,7.2,2.05,0.5
Sam Sturt,Fremantle,1,25,25.63,190,Gen. Forward,2020,31,43,0,,0,,7.026,49.161,8.806,3.258,1.387,8.245,53.55,10.05,3.65,1.65
Sam Switkowski,Fremantle,39,29,29.11,179,Gen. Forward,2018,89,55,2,0,1,0,10.528,70.135,13.326,6.079,0.618,10.595,74.9,14.2,5.7,0.55
Sean Darcy,Fremantle,4,27,27.55,203,Ruck,2017,110,44,2,0,0,,11.979,95.445,12.918,8.491,0.4,13.535,99,12.35,8.4,0.4
Shai Bolton,Fremantle,15,27,27.06,176,Mid-Forward,2017,135,165,8,7,0,,11.681,80.504,17.096,7.689,1.222,11.595,78.35,17.15,7.25,1.55
Will Brodie,Fremantle,17,27,27.35,190,Midfielder,2017,54,10,2,0,0,,9.407,79.667,22.037,9.852,0.185,11.65,91.95,25.1,11.1,0.3
Bailey Smith,Geelong,3,25,25.06,185,Mid-Forward,2019,104,45,7,8,1,1,10.377,87.25,22.837,7.673,0.433,9.57,83.6,23.95,8.2,0.25
Brad Close,Geelong,45,27,27.42,183,Gen. Forward,2020,103,91,8,7,2,2,8.523,67.252,13.32,4.864,0.883,7.31,58.95,12.6,3.85,0.9
Cameron Guthrie,Geelong,29,33,33.36,187,Midfielder,2011,240,75,21,5,0,,9.572,82.271,19.887,7.558,0.312,9.9,83.35,21.1,8.35,0.4
Cillian Burke,Geelong,41,22,22.75,192,Gen. Defender,,0,,,,0,,,,,,,,,,,
Connor O'Sullivan,Geelong,14,20,20.61,198,Key Defender,2024,3,0,0,,2,0,8.467,60.667,12.333,5.667,0,8.467,60.667,12.333,5.667,0
George Stevens,Geelong,15,20,20.71,189,Midfielder,,0,,,,0,,,,,,,,,,,
Gryan Miers,Geelong,32,26,26.75,179,Gen. Forward,2019,133,101,15,14,2,1,9.006,72.301,16.586,5.12,0.759,10.835,79.7,19.25,6.35,0.75
Jack Bowes,Geelong,12,27,27.92,189,Midfielder,2017,124,31,2,2,2,1,8.545,72.452,17.161,6.347,0.25,10,78.85,17.4,7.2,0.5
Jack Henry,Geelong,38,27,27.33,192,Key Defender,2018,145,24,16,1,2,0,8.157,65.703,11.331,4.503,0.166,9.76,72.45,12.6,5.45,0
Jack Martin,Geelong,19,30,30.92,186,Gen. Forward,2014,151,133,2,4,0,,8.096,71.656,14.589,6.093,0.881,6.605,55.55,10.1,4.7,1.25
Jacob Molier,Geelong,20,19,19.22,201,Ruck,,0,,,,0,,,,,,,,,,,
Jake Kolodjashnij,Geelong,8,30,30.39,193,Key Defender,2015,198,4,21,0,0,,6.188,59.217,12.278,4.045,0.02,7.455,67.35,13.35,4.4,0.05
Jay Polkinghorne,Geelong,2,19,19.58,190,Key Forward,,0,,,,0,,,,,,,,,,,
Jed Bews,Geelong,24,32,32.04,186,Gen. Defender,2014,171,16,20,1,0,,6.374,50.696,11.269,4.018,0.094,5.975,44.05,10.35,4.25,0
Jeremy Cameron,Geelong,5,32,32.75,196,Key Forward,2012,256,653,17,33,2,5,10.894,78.562,13.379,4.895,2.551,13.05,84.5,15.7,4.75,2.75
Jhye Clark,Geelong,13,21,21.44,181,Midfielder,2023,18,2,0,,2,0,5.761,42.167,11.556,4.389,0.111,5.761,42.167,11.556,4.389,0.111
Joe Pike,Geelong,37,20,20.62,203,Ruck,,0,,,,0,,,,,,,,,,,
Keighton Matofai-Forbes,Geelong,31,19,19.9,189,Gen. Forward,,0,,,,0,,,,,,,,,,,
Lawson Humphries,Geelong,17,22,22.68,182,Gen. Defender,2024,13,1,2,0,2,0,11.338,84.385,17.846,4.615,0.077,11.338,84.385,17.846,4.615,0.077
Lennox Hofmann,Geelong,23,19,19.39,191,Key Defender,,0,,,,0,,,,,,,,,,,
Mark Blicavs,Geelong,46,34,34.76,198,Key Defender,2013,272,70,26,6,2,1,10.444,83.765,14.739,7.125,0.257,9.85,69.7,13.85,6.65,0.25
Mark O'Connor,Geelong,42,28,28.95,189,Gen. Defender,2017,124,9,12,0,2,0,7.014,63.065,13.016,4.573,0.073,7.37,60.25,12.75,5.15,0.1
Max Holmes,Geelong,9,23,23.33,190,Midfielder,2021,78,37,6,2,2,3,11.49,79.115,18.538,6.897,0.474,15.77,102.05,24.15,8.75,0.55
Mitch Duncan,Geelong,22,34,34.55,188,Gen. Defender,2010,296,184,28,12,0,,10.972,91.432,22.179,6.287,0.622,7.91,74.4,18.1,3.5,0.1
Mitch Knevitt,Geelong,10,22,22.97,193,Midfielder,2022,16,5,0,,2,1,5.963,49.375,11.312,4.812,0.312,5.963,49.375,11.312,4.812,0.312
Mitchell Edwards,Geelong,11,20,20.58,206,Ruck,,0,,,,0,,,,,,,,,,,
Oisin Mullin,Geelong,34,25,25.88,182,Gen. Defender,2023,20,0,2,0,2,0,4.865,37,8.9,3.8,0,4.865,37,8.9,3.8,0
Oliver Dempsey,Geelong,28,22,22.98,187,Midfielder,2022,34,28,2,1,2,4,8.674,66.382,15.294,5.912,0.824,10.295,76.75,17.6,6.5,1.05
Oliver Henry,Geelong,36,23,23.42,189,Key Forward,2021,72,109,2,5,2,3,5.79,51.875,9.153,3.972,1.514,6.485,52.95,8.7,4.55,1.5
Oliver Wiltshire,Geelong,21,23,23.29,180,Gen. Forward,,0,,,,0,,,,,,,,,,,
Patrick Dangerfield,Geelong,35,35,35.73,189,Gen. Forward,2008,339,337,28,25,2,2,16.504,103.643,23.419,13.032,0.994,12.615,81.3,19.15,10.2,0.55
Patrick Retschko,Geelong,27,19,19.83,186,Midfielder,,0,,,,0,,,,,,,,,,,
Rhys Stanley,Geelong,1,35,35.08,200,Ruck,2010,210,109,18,6,0,,9.712,74.448,11.981,5.805,0.519,8.38,70.8,10.45,5.8,0.2
Sam De Koning,Geelong,16,24,24.84,204,Ruck,2021,64,5,3,1,2,1,8.303,64.844,13.141,5.609,0.078,10.11,70.75,15.2,6.95,0.2
Shannon Neale,Geelong,33,23,23.43,203,Key Forward,2022,22,27,2,2,2,3,6.818,52.682,8.364,4.682,1.227,6.87,54.6,8.55,4.7,1.35
Shaun Mannagh,Geelong,7,28,28.4,178,Gen. Forward,2024,12,15,2,4,0,,13.283,77.25,16.25,6.833,1.25,13.283,77.25,16.25,6.833,1.25
Tanner Bruhn,Geelong,4,23,23.59,184,Midfielder,2021,66,24,4,1,0,,7.565,60.924,13.788,6.152,0.364,9.255,71.75,17.55,7.8,0.25
Ted Clohesy,Geelong,40,21,21.31,184,Mid-Forward,2023,4,2,0,,1,2,4.875,37.75,7.75,2.5,0.5,4.875,37.75,7.75,2.5,0.5
Toby Conway,Geelong,6,22,22.68,206,Ruck,2023,6,1,0,,0,,9.733,74,12.333,9,0.167,9.733,74,12.333,9,0.167
Tom Atkins,Geelong,30,30,30.28,180,Midfielder,2019,129,18,12,1,2,1,9.657,75.341,16.14,7.953,0.14,10.345,80.7,17.25,9.25,0.05
Tom Stewart,Geelong,44,32,32.79,190,Gen. Defender,2017,173,5,15,0,2,0,9.63,96.191,21.081,5.607,0.029,11.03,91.3,20.1,7.45,0.05
Tyson Stengle,Geelong,18,27,27.2,175,Gen. Forward,2017,87,146,5,11,2,5,10.07,67.506,12.46,5.195,1.678,11.815,70.65,12.85,5.7,1.95
Xavier Ivisic,Geelong,25,19,19.58,180,Midfielder,,0,,,,0,,,,,,,,,,,
Zach Guthrie,Geelong,39,27,27.5,188,Gen. Defender,2017,104,14,9,1,2,0,7.46,67.885,15.125,4.452,0.135,10.41,87.9,18.85,5.55,0.15
Alex Davies,Gold Coast,5,23,23.78,193,Midfielder,,32,10,0,,0,,7.609,55.719,12.594,7.156,0.312,8.375,60.4,13.7,7.75,0.25
Alex Sexton,Gold Coast,6,32,32.07,186,Gen. Defender,,182,164,0,,1,0,7.436,54.258,12.099,3.703,0.901,6.41,62.5,16.1,2.75,0.2
Asher Eastham,Gold Coast,42,19,19.63,188,Key Forward,,0,,,,0,,,,,,,,,,,
Bailey Humphrey,Gold Coast,19,21,21.3,186,Gen. Forward,,41,25,0,,1,0,7.671,55.707,11.561,5.854,0.61,7.18,53.05,10.65,5,0.65
Ben Ainsworth,Gold Coast,9,27,27.88,178,Gen. Forward,,135,114,0,,1,0,7.455,68.074,15.444,5.156,0.844,7.685,69,16.65,3.95,0.9
Ben Jepson,Gold Coast,44,24,24.22,184,Gen. Defender,,0,,,,0,,,,,,,,,,,
Ben King,Gold Coast,34,25,25.48,202,Key Forward,,96,190,0,,1,6,6.089,54.646,7.76,4.146,1.979,6.855,61.65,8.3,4.2,2.7
Ben Long,Gold Coast,22,28,28.36,186,Gen. Forward,,112,61,1,0,1,4,6.547,55.393,10.857,4.875,0.545,7.685,59.9,10.2,4.65,1.5
Bodhi Uwland,Gold Coast,32,22,22.43,188,Gen. Defender,,25,0,0,,1,0,8.204,67.32,14.12,3.44,0,8.895,74.65,15.6,3.65,0
Brayden Fiorini,Gold Coast,8,28,28.35,187,Midfielder,,105,33,0,,0,,7.456,75.038,20.524,6.4,0.314,8.415,73.05,19.3,5.05,0.35
Caleb Graham,Gold Coast,46,25,25.3,194,Key Defender,,37,1,0,,0,,6.814,52.351,8.189,2.919,0.027,7.73,55.45,8.35,2.95,0.05
Charlie Ballard,Gold Coast,10,26,26.44,196,Key Defender,,134,3,0,,1,0,7.923,63.172,12.209,4.485,0.022,8.565,60.3,11.45,4.15,0.05
Connor Budarick,Gold Coast,35,24,24.73,175,Gen. Defender,,37,1,0,,1,0,6.07,58.486,12.784,3.838,0.027,7.27,66.25,15.35,4.3,0
Cooper Bell,Gold Coast,31,19,19.08,199,Key Defender,,0,,,,0,,,,,,,,,,,
Daniel Rioli,Gold Coast,17,28,28.7,179,Gen. Defender,,184,111,13,14,1,2,9.02,71.897,15.397,4.848,0.603,11.425,94.25,24.05,6,0.35
David Swallow,Gold Coast,24,33,33.11,186,Gen. Forward,,240,109,0,,0,,9.965,82.108,19.663,9.275,0.454,5.695,43.35,10.1,4.05,0.45
Elliott Himmelberg,Gold Coast,12,27,27.57,196,Key Forward,,50,49,0,,0,,6.956,57.94,9.6,5.5,0.98,7.19,56.95,9.5,5.25,0.95
Ethan Read,Gold Coast,20,20,20.48,202,Key Forward,,5,5,0,,1,2,4.84,51.4,5.6,3,1,4.84,51.4,5.6,3,1
Jake Rogers,Gold Coast,29,20,20.83,172,Gen. Forward,,10,5,0,,1,3,6.33,43,9.6,4.4,0.5,6.33,43,9.6,4.4,0.5
Jarrod Witts,Gold Coast,28,33,33.29,209,Ruck,,182,41,0,,1,0,11.795,93.379,12.544,7.731,0.225,13.335,105,13.8,8.75,0.4
Jed Walter,Gold Coast,4,20,20.56,195,Key Forward,,14,11,0,,0,,2.729,35.357,5.714,3.643,0.786,2.729,35.357,5.714,3.643,0.786
Joel Jeffrey,Gold Coast,40,23,23.8,192,Gen. Defender,,29,16,0,,1,0,8.121,60,12.448,3.69,0.552,8.495,64.7,14.3,3.45,0.3
John Noble,Gold Coast,2,28,28.76,180,Gen. Defender,,113,8,7,1,1,0,6.85,73.69,18.46,4.035,0.071,8.82,80.85,19.45,3.6,0.05
Jy Farrar,Gold Coast,50,29,29.06,190,Key Forward,,34,3,0,,0,,5.95,52.471,11.735,3.824,0.088,5.785,52.4,11.1,4.15,0.1
Lachie Weller,Gold Coast,14,29,29.85,182,Gen. Defender,,143,47,0,,1,0,8.69,74.245,18.818,5.364,0.329,7.78,77.15,19.65,4.6,0.15
Lachlan Gulbin,Gold Coast,39,19,19.1,187,Gen. Forward,,0,,,,0,,,,,,,,,,,
Leonardo Lombard,Gold Coast,30,19,19.23,178,Midfielder,,0,,,,0,,,,,,,,,,,
Lloyd Johnston,Gold Coast,38,21,21.27,184,Gen. Forward,,9,3,0,,0,,7.022,45.667,10.222,3.778,0.333,7.022,45.667,10.222,3.778,0.333
Mac Andrew,Gold Coast,1,22,22.07,202,Key Defender,,41,9,0,,0,,7.761,63.146,12.561,4.293,0.22,8.65,73.65,14.3,4.6,0.45
Malcolm Rosas,Gold Coast,41,24,24.51,180,Gen. Forward,,45,45,0,,0,,7.036,47.467,8.6,3.956,1,8.46,52.4,9.05,3.95,1.45
Matt Rowell,Gold Coast,18,24,24.5,180,Midfielder,,86,25,0,,1,0,13.912,93.395,19.988,12.733,0.291,15.795,98.3,22.75,12.85,0.3
Max Knobel,Gold Coast,37,21,21.51,206,Ruck,,0,,,,0,,,,,,,,,,,
Ned Moyle,Gold Coast,21,23,23.87,206,Ruck,,10,1,0,,0,,12.34,78.5,11.7,8.9,0.1,12.34,78.5,11.7,8.9,0.1
Nick Holman,Gold Coast,7,30,30.59,188,Mid-Forward,,132,72,0,,1,0,8.118,61.485,11.955,5.932,0.545,6.615,54.05,11.3,4.5,0.45
Noah Anderson,Gold Coast,15,24,24.86,192,Midfielder,,105,42,0,,1,0,12.971,96.057,24.8,10.095,0.4,16.935,107.6,29.2,11.2,0.55
Sam Clohesy,Gold Coast,33,23,23.05,189,Midfielder,,21,6,0,,1,0,8.876,68.238,15.81,4.714,0.286,8.48,66.25,15.5,4.6,0.25
Sam Collins,Gold Coast,25,31,31.54,194,Key Defender,,128,0,0,,1,0,10.743,72.93,11.797,5.539,0,13.115,76.75,12.1,6.4,0
Sam Flanders,Gold Coast,3,24,24.43,183,Gen. Defender,,66,25,0,,0,,9.673,79.985,20.242,6.712,0.379,14.54,118.35,30.95,9.05,0.55
Sean Lemmens,Gold Coast,23,31,31.16,184,Gen. Defender,,148,25,0,,0,,5.345,49.432,11.75,4.345,0.169,4.87,52.5,10.5,4.35,0
Thomas Berry,Gold Coast,16,25,25.66,185,Gen. Forward,,43,6,0,,0,,4.044,36.535,7.721,3.419,0.14,5.745,47.75,10.7,4.35,0.15
Touk Miller,Gold Coast,11,29,29.85,178,Midfielder,,192,57,0,,1,2,12.141,95.484,23.547,10.776,0.297,13.55,103,26.45,10.65,0.35
Wil Powell,Gold Coast,27,26,26.34,188,Gen. Defender,,106,15,0,,1,0,8.538,75.981,15.972,4.745,0.142,9.9,87.1,18.25,4.35,0.1
Will Graham,Gold Coast,26,20,20.43,186,Midfielder,,18,9,0,,1,1,9.133,63.889,12.611,5.278,0.5,9.133,63.889,12.611,5.278,0.5
Zak Evans,Gold Coast,36,25,25.76,192,Midfielder,,0,,,,0,,,,,,,,,,,
Aaron Cadman,Greater Western Sydney,5,21,21.83,195,Key Forward,,37,38,2,4,2,2,5.122,40.351,6.486,3.135,1.027,5.605,44.4,7.1,3.1,1.15
Brent Daniels,Greater Western Sydney,16,26,26.81,172,Gen. Forward,,108,72,9,4,2,1,9.711,69.926,14.889,5.926,0.667,12.485,82.55,17.55,7.1,0.8
Callan Ward,Greater Western Sydney,8,35,35.72,187,Midfielder,,317,158,20,12,2,1,12.933,91.028,22.044,9.685,0.498,9.87,82.7,19.3,7.05,0.7
Callum M. Brown,Greater Western Sydney,46,25,25.37,188,Gen. Forward,,44,44,3,3,2,2,7.348,51.909,8.773,3.614,1,7.365,53.6,8.5,3.95,1.2
Cody Angove,Greater Western Sydney,29,19,19.59,182,Mid-Forward,,0,,,,0,,,,,,,,,,,
Connor Idun,Greater Western Sydney,39,25,25.42,193,Gen. Defender,,95,0,7,0,2,0,8.571,72.579,15.589,4.874,0,11.635,86.45,19.05,6.15,0
Conor Stone,Greater Western Sydney,18,23,23.69,189,Gen. Defender,,15,4,1,2,2,0,3.753,29.067,5.733,2.067,0.267,3.753,29.067,5.733,2.067,0.267
Darcy Jones,Greater Western Sydney,2,21,21.74,175,Gen. Forward,,16,14,2,1,2,2,10.213,63.375,12.875,5.438,0.875,10.213,63.375,12.875,5.438,0.875
Finn Callaghan,Greater Western Sydney,17,22,22.68,192,Midfielder,,52,9,5,1,2,2,10.335,75.808,21.635,6.25,0.173,12.31,85.9,24,8.25,0.15
Harrison Oliver,Greater Western Sydney,19,19,19.54,181,Gen. Defender,,0,,,,0,,,,,,,,,,,
Harry Himmelberg,Greater Western Sydney,27,29,29.64,195,Gen. Defender,,179,161,16,16,2,0,9.656,76.302,14.838,5.335,0.899,10.68,94.15,20.55,4.2,0
Harry Rowston,Greater Western Sydney,24,21,21.38,182,Midfielder,,7,1,0,,0,,4.571,33,7,2.857,0.143,4.571,33,7,2.857,0.143
Harvey Thomas,Greater Western Sydney,1,20,20.39,176,Gen. Forward,,22,9,0,,0,,6.9,52.227,11.318,4.773,0.409,6.95,53.2,11.55,4.85,0.45
Jack Buckley,Greater Western Sydney,44,28,28.03,195,Key Defender,,68,1,5,0,2,0,10.735,73.706,12.735,5.235,0.015,11.165,76.15,13.25,5.05,0.05
Jack Ough,Greater Western Sydney,28,19,19.04,194,Midfielder,,0,,,,0,,,,,,,,,,,
Jacob Wehr,Greater Western Sydney,10,27,27.49,185,Midfielder,,27,5,0,,2,1,6.57,54.667,12.259,4.259,0.185,6.055,52.15,12.2,4.35,0.1
Jake Riccardi,Greater Western Sydney,26,26,26.14,198,Key Forward,,69,87,3,5,0,,4.841,53.072,9.957,3.29,1.261,5.28,54.95,10.55,3.75,1.35
Jake Stringer,Greater Western Sydney,20,31,31.68,192,Gen. Forward,,212,367,7,9,0,,11.169,69.392,13.033,6.434,1.731,9.815,63.15,12.75,6.05,1.6
James Leake,Greater Western Sydney,30,20,20.24,188,Midfielder,,2,1,0,,2,1,4.8,38.5,7,4.5,0.5,4.8,38.5,7,4.5,0.5
Jesse Hogan,Greater Western Sydney,23,30,30.88,196,Key Forward,,165,351,6,17,0,,8.759,79.715,13.824,6.297,2.127,12.025,92.85,11.85,6.5,2.95
Joe Fonti,Greater Western Sydney,37,21,21.01,189,Gen. Defender,,5,0,0,,0,,4.3,29.8,9.8,1.6,0,4.3,29.8,9.8,1.6,0
Josaia Delana,Greater Western Sydney,38,19,19.5,176,Gen. Forward,,0,,,,0,,,,,,,,,,,
Josh Fahey,Greater Western Sydney,34,22,22.13,187,Gen. Defender,,7,4,0,,0,,2.886,27.143,7.429,1.429,0.571,2.886,27.143,7.429,1.429,0.571
Josh Kelly,Greater Western Sydney,22,30,30.88,184,Midfielder,,217,139,17,9,2,0,12.38,98.945,24.747,8.903,0.641,14.13,98.65,25.3,8.3,0.8
Kieren Briggs,Greater Western Sydney,32,26,26.23,201,Ruck,,51,10,5,1,1,0,12.827,91.353,13.922,9.725,0.196,11.88,91.65,14.6,9.85,0.15
Lachie Ash,Greater Western Sydney,7,24,24.52,188,Gen. Defender,,103,7,7,1,2,0,7.61,73.553,18.631,4.311,0.068,9.2,82.3,20.25,4.45,0.05
Lachie Whitfield,Greater Western Sydney,6,31,31.45,185,Gen. Defender,,236,71,17,2,2,0,10.378,93.373,24.225,5.847,0.301,9.795,111.25,29.65,5.85,0
Lachlan Keeffe,Greater Western Sydney,25,35,35.71,204,Ruck,,118,20,8,2,2,1,6.53,53.381,9.263,3.669,0.169,4.695,45,6.9,4,0.15
Leek Aleer,Greater Western Sydney,21,24,24.36,194,Key Defender,,12,0,0,,0,,6.108,56.75,10,4.417,0,6.108,56.75,10,4.417,0
Logan Smith,Greater Western Sydney,36,19,19.26,204,Ruck,,0,,,,0,,,,,,,,,,,
Max Gruzewski,Greater Western Sydney,35,21,21.44,192,Key Forward,,6,5,0,,2,2,3.817,24.333,3.5,1.667,0.833,3.817,24.333,3.5,1.667,0.833
Nathan Wardius,Greater Western Sydney,42,21,21.21,181,Gen. Forward,,0,,,,0,,,,,,,,,,,
Nicholas Madden,Greater Western Sydney,41,21,21.62,204,Ruck,,0,,,,0,,,,,,,,,,,
Oliver Hannaford,Greater Western Sydney,13,19,19.33,180,Mid-Forward,,0,,,,0,,,,,,,,,,,
Phoenix Gothard,Greater Western Sydney,11,20,20.31,179,Gen. Forward,,0,,,,0,,,,,,,,,,,
Ryan Angwin,Greater Western Sydney,9,23,23.05,185,Midfielder,,20,2,0,,0,,4.685,41.75,9.95,3.45,0.1,4.685,41.75,9.95,3.45,0.1
Sam Taylor,Greater Western Sydney,15,26,26.65,198,Key Defender,,113,2,11,0,2,1,10.584,76.124,12.708,6.46,0.018,10.23,74.3,12.5,6.3,0.05
Stephen Coniglio,Greater Western Sydney,3,32,32.04,182,Gen. Forward,,219,123,13,9,2,3,11.091,92.986,24.146,9.342,0.562,10.355,78.85,21.15,7.25,0.55
Toby Bedford,Greater Western Sydney,14,25,25.59,179,Midfielder,,62,31,4,2,2,0,6.882,50.984,10.016,3.903,0.5,7.77,64.25,12.15,4.15,0.35
Toby Greene,Greater Western Sydney,4,32,32.26,182,Gen. Forward,,241,379,16,29,2,4,11.357,87.037,20.257,8.257,1.573,11.54,79.5,15.2,6.65,1.95
Toby McMullin,Greater Western Sydney,31,21,21.4,183,Gen. Forward,,17,7,1,1,0,,4.735,37.941,8,2.529,0.412,4.735,37.941,8,2.529,0.412
Tom Green,Greater Western Sydney,12,24,24.93,192,Midfielder,,93,37,6,2,1,1,12.752,97.667,26.57,12.785,0.398,13.745,104.05,31.35,14.75,0.35
Wade Derksen,Greater Western Sydney,45,24,24.53,194,Key Defender,,0,,,,0,,,,,,,,,,,
Xavier O'Halloran,Greater Western Sydney,33,25,25.47,187,Gen. Forward,,69,27,5,1,2,2,6.546,47.362,11.145,4.072,0.391,7.79,52.55,11.3,4.2,0.5
Bailey Macdonald,Hawthorn,42,21,21.4,182,Gen. Defender,2023,2,0,0,,0,,3.7,44.5,12.5,2,0,3.7,44.5,12.5,2,0
Blake Hardwick,Hawthorn,15,28,28.9,183,Gen. Forward,2016,175,25,4,0,3,4,8.695,76.52,16.714,4.714,0.143,10.29,82.9,15.15,5.2,0.55
Bodie Ryan,Hawthorn,26,20,20.69,187,Gen. Defender,,0,,,,0,,,,,,,,,,,
Calsher Dear,Hawthorn,35,20,20.4,195,Key Forward,2024,17,25,2,4,0,,5.588,52.412,7,4.176,1.471,5.588,52.412,7,4.176,1.471
Cam Mackenzie,Hawthorn,28,21,21.94,188,Midfielder,2023,37,12,0,,3,0,7.7,58.054,14.649,5.27,0.324,7.775,62.25,15.3,5.35,0.35
Changkuoth Jiath,Hawthorn,9,26,26.55,185,Midfielder,2019,57,5,0,,1,0,8.542,70.947,16.526,5.298,0.088,7.7,61.4,14.35,4.8,0.2
Cody Anderson,Hawthorn,32,19,19.91,183,Midfielder,,0,,,,0,,,,,,,,,,,
Connor Macdonald,Hawthorn,31,22,22.96,185,Gen. Forward,2022,69,51,2,2,3,2,7.922,64.261,15.913,4.986,0.739,9.175,75.9,17.25,5.2,1.15
Conor Nash,Hawthorn,11,27,27.42,198,Midfielder,2018,101,18,4,1,3,1,8.635,68.891,16.842,7.366,0.178,8.575,76.7,18.6,7.95,0.1
Dylan Moore,Hawthorn,13,26,26.4,177,Gen. Forward,2019,103,116,2,1,3,6,11.303,86.932,18.34,6.786,1.126,11.905,95,19.6,7.25,1.45
Finn Maginness,Hawthorn,20,24,24.85,189,Gen. Forward,2020,48,12,2,2,3,2,4.688,46.438,12.146,4.146,0.25,5.23,49.95,12.85,4.35,0.4
Harry Morrison,Hawthorn,1,27,27.13,184,Midfielder,2017,106,25,4,0,3,0,7.712,65.443,16.009,4.755,0.236,8.215,62.8,15.3,4.15,0.2
Henry Hustwaite,Hawthorn,44,21,21.44,195,Midfielder,2023,6,2,0,,0,,5.367,38.667,9,4.833,0.333,5.367,38.667,9,4.833,0.333
Jack Ginnivan,Hawthorn,33,23,23.06,185,Gen. Forward,2021,68,88,8,7,3,2,6.985,58.632,12,4.441,1.294,6.825,71.9,16.8,5.35,1.1
Jack Gunston,Hawthorn,19,34,34.2,193,Key Forward,2010,261,483,17,36,1,2,10.64,79.835,14.218,5.031,1.851,6.255,53.65,8.55,2.7,1.55
Jack Scrimshaw,Hawthorn,14,27,27.32,194,Key Defender,2017,109,11,2,0,2,0,9.798,77.982,17.688,5.394,0.101,10.49,82.1,17.2,5.7,0
Jai Newcombe,Hawthorn,3,24,24.41,187,Midfielder,2021,79,33,2,1,3,1,13.347,91.785,22.861,10.152,0.418,15.34,109.15,26.05,12.3,0.45
Jai Serong,Hawthorn,29,22,22.87,193,Key Defender,2022,10,1,1,0,0,,4.03,37.7,7.6,3,0.1,4.03,37.7,7.6,3,0.1
Jaime Uhr-Henry,Hawthorn,43,22,22.63,209,Ruck,,0,,,,0,,,,,,,,,,,
James Blanck,Hawthorn,36,25,25.11,196,Key Defender,2022,24,0,0,,0,,6.188,37.583,6.5,3.208,0,5.28,35.45,6.05,3,0
James Sicily,Hawthorn,6,30,30.98,188,Key Defender,2015,159,72,5,2,3,2,11.333,94.258,20.358,6.434,0.453,11.835,103.1,22.05,5.95,0.55
James Worpel,Hawthorn,5,26,26.93,186,Midfielder,2018,128,45,4,1,1,0,10.986,82.617,21.984,10.031,0.352,11.02,83.3,20.9,10.1,0.2
Jarman Impey,Hawthorn,4,30,30.47,178,Gen. Defender,2014,200,63,5,1,3,0,7.966,66.95,15.6,4.735,0.315,9.05,78.15,17.9,4.7,0.1
Jasper Scaife,Hawthorn,39,21,21.25,196,Key Forward,,0,,,,0,,,,,,,,,,,
Josh Battle,Hawthorn,24,27,27.33,193,Key Defender,2017,126,30,2,1,3,0,7.185,68.77,14.349,4.373,0.238,10.655,86.3,17.55,5.3,0.15
Josh Ward,Hawthorn,25,22,22.37,183,Midfielder,2022,44,6,2,0,2,1,8.582,66.432,18.727,5.523,0.136,7.41,60.9,16.55,4.1,0.1
Josh Weddle,Hawthorn,23,21,21.6,191,Key Defender,2023,45,15,2,0,3,1,9.933,69.467,15.022,4.644,0.333,11.18,70.55,13.1,4.6,0.4
Karl Amon,Hawthorn,10,30,30.36,181,Gen. Defender,2015,173,69,7,0,3,1,9.611,81.162,20.11,4.798,0.399,9.815,96.65,23.3,3.7,0.1
Lloyd Meek,Hawthorn,17,27,27.69,203,Ruck,2021,55,16,2,1,3,2,10.325,81.255,11.727,7.273,0.291,12.745,104.6,14.4,8.6,0.4
Luke Breust,Hawthorn,22,35,35.13,182,Gen. Forward,2011,300,549,20,26,0,,11.943,75.683,13.457,6.667,1.83,6.34,40.05,7.7,2.95,1.15
Mabior Chol,Hawthorn,18,28,28.92,200,Key Forward,2016,87,121,3,1,3,6,8.123,61.414,8.368,4.782,1.391,7.41,59.5,9.4,4.5,1.75
Massimo D'Ambrosio,Hawthorn,16,22,22.57,178,Midfielder,2022,43,13,2,0,3,1,8.684,71.814,17.279,5.163,0.302,11.81,91.8,21.6,6.4,0.4
Matt Hill,Hawthorn,41,21,21.99,187,Gen. Defender,,0,,,,0,,,,,,,,,,,
Max Ramsden,Hawthorn,38,22,22.7,203,Key Forward,2023,5,1,0,,0,,0.58,30.6,6.2,3,0.2,0.58,30.6,6.2,3,0.2
Mitch Lewis,Hawthorn,2,27,27.21,199,Key Forward,2018,70,125,0,,0,,7.879,63.4,10.486,5.014,1.786,7.92,62.45,11.35,4.35,2.05
Ned Reeves,Hawthorn,7,27,27.16,210,Ruck,2021,42,11,0,,0,,9.581,67.119,8.095,5.214,0.262,9.395,67.45,8.55,5.55,0.15
Nick Watson,Hawthorn,34,20,20.84,170,Gen. Forward,2024,21,30,2,7,3,5,8.257,66.905,10.857,4.905,1.429,8.79,68.95,11.15,5.15,1.5
Noah Mraz,Hawthorn,21,19,19.86,198,Key Defender,,0,,,,0,,,,,,,,,,,
Sam Butler,Hawthorn,30,22,22.88,184,Gen. Forward,2022,19,12,0,,0,,5.242,38.368,8.895,3.947,0.632,5.242,38.368,8.895,3.947,0.632
Sam Frost,Hawthorn,8,32,32.34,194,Key Defender,2012,185,9,4,0,2,0,8.084,58.043,12.189,5.022,0.049,5.56,40.6,7.9,3.55,0
Seamus Mitchell,Hawthorn,40,23,23.49,181,Gen. Defender,2023,24,0,0,,0,,5.033,51.958,13.292,3.417,0,4.72,50.3,13.1,3.2,0
Tom Barrass,Hawthorn,37,30,30.23,197,Key Defender,2015,153,1,9,0,3,0,10.374,78.386,12.81,4.771,0.007,11.45,82.75,13.4,5.3,0
Will Day,Hawthorn,12,24,24.57,191,Midfielder,2020,73,17,0,,3,4,10.742,83.575,19.986,6.863,0.233,11.9,92,20.35,8.55,0.35
William McCabe,Hawthorn,27,20,20.25,197,Key Defender,,0,,,,0,,,,,,,,,,,
Aidan Johnson,Melbourne,42,25,25.81,193,Key Forward,2025,1,1,0,,1,1,8.6,60,7,4,1,8.6,60,7,4,1
Andy Moniz-Wakefield,Melbourne,45,22,22.18,182,Gen. Defender,2024,6,0,0,,0,,7.15,53.667,12.667,4.333,0,7.15,53.667,12.667,4.333,0
Bailey Laurie,Melbourne,16,23,23.77,179,Mid-Forward,2023,11,2,1,0,0,,4.055,29.727,8.182,3.364,0.182,4.055,29.727,8.182,3.364,0.182
Bayley Fritsch,Melbourne,31,29,29.06,188,Key Forward,2018,151,253,9,21,2,1,9.213,67.907,12.007,4.437,1.675,8.125,51.95,9.7,4.05,1.4
Blake Howes,Melbourne,22,22,22.73,191,Gen. Defender,2024,18,0,0,,2,0,5.861,56.333,12.556,5,0,5.861,56.333,12.556,5,0
Caleb Windsor,Melbourne,6,20,20.56,185,Gen. Defender,2024,20,9,0,,1,1,8.05,59.5,14.55,4.4,0.45,8.05,59.5,14.55,4.4,0.45
Charlie Spargo,Melbourne,9,26,26.09,172,Gen. Forward,2018,99,63,9,7,1,0,6.317,54.313,11.172,3.495,0.636,5.055,45.9,9.95,2.45,0.6
Christian Petracca,Melbourne,5,29,29.98,187,Midfielder,2016,191,187,10,7,2,3,14.362,97.759,23.346,11.539,0.979,15.685,103,24.1,11.45,1.1
Christian Salem,Melbourne,3,30,30.46,184,Gen. Defender,2014,178,26,10,1,2,0,8.332,79.472,19.882,5.376,0.146,9.115,83.35,20.8,5.7,0.05
Clayton Oliver,Melbourne,13,28,28.44,189,Midfielder,2016,185,55,10,5,2,1,14.818,111.449,28.508,15.081,0.297,10.595,85.3,23,12.05,0.2
Daniel Turner,Melbourne,10,23,23.92,194,Key Forward,2022,19,18,0,,1,1,5.695,43.105,7.895,3.158,0.947,5.695,43.105,7.895,3.158,0.947
Ed Langdon,Melbourne,15,29,29.91,182,Midfielder,2015,181,76,7,5,2,0,8.586,78.155,20.823,6.055,0.42,8.275,79.25,20.35,5.9,0.35
Harrison Petty,Melbourne,35,26,26.13,197,Gen. Defender,2018,84,28,5,1,2,0,6.76,56.357,9.5,4.167,0.333,5.65,53,8.9,4.55,0.45
Harry Sharp,Melbourne,30,23,23.03,182,Gen. Forward,2021,18,5,0,,2,1,4.283,34.833,8.944,2.722,0.278,4.283,34.833,8.944,2.722,0.278
Harvey Langford,Melbourne,19,19,19.79,190,Mid-Forward,2025,1,0,0,,1,0,3.2,18,5,2,0,3.2,18,5,2,0
Jack Billings,Melbourne,14,30,30.36,185,Mid-Forward,2014,171,112,2,0,0,,8.352,80.532,20.094,5.953,0.655,5.45,55.45,14.75,4,0.25
Jack Henderson,Melbourne,43,26,26.24,177,Gen. Forward,2025,2,2,0,,2,2,6.75,63.5,13,6.5,1,6.75,63.5,13,6.5,1
Jack Viney,Melbourne,7,31,31.71,179,Midfielder,2013,221,66,10,0,2,0,11.143,89.122,22.602,11.095,0.299,10.585,82.4,21.2,9.8,0.3
Jacob van Rooyen,Melbourne,2,22,22.7,193,Key Forward,2023,43,60,1,0,2,2,6.814,61.884,9.395,4.442,1.395,5.94,61.05,10.2,4.7,1.35
Jai Culley,Melbourne,46,22,22.84,194,Mid-Forward,2022,12,7,0,,0,,6.017,49.75,10.25,5,0.583,6.017,49.75,10.25,5,0.583
Jake Bowey,Melbourne,17,23,23.3,175,Gen. Defender,2021,63,7,5,0,2,1,7.821,68.143,16.492,5.238,0.111,6.775,68.75,16.35,4.35,0.05
Jake Lever,Melbourne,8,29,29.82,194,Key Defender,2015,180,5,12,1,2,0,9.919,74.433,14.139,5.539,0.028,9.27,71.15,13.75,4.75,0.05
Jake Melksham,Melbourne,18,34,34.33,186,Gen. Forward,2010,229,188,6,6,0,,8.568,60.376,14.24,5.24,0.821,6.85,48.35,8.5,3.2,1.35
Jed Adams,Melbourne,26,21,21.63,196,Key Defender,,0,,,,0,,,,,,,,,,,
Judd McVee,Melbourne,4,22,22.4,185,Gen. Defender,2023,48,1,2,0,0,,9.035,63.771,14.625,5.021,0.021,9.125,69.1,16.1,5.8,0.05
Kade Chandler,Melbourne,37,25,25.96,175,Gen. Forward,2019,58,45,2,0,2,3,7.634,55.397,10.586,3.707,0.776,9.485,64.7,12.95,4.45,0.75
Koltyn Tholstrup,Melbourne,12,20,20.5,186,Gen. Forward,2024,10,5,0,,0,,6.71,58,11.7,5.4,0.5,6.71,58,11.7,5.4,0.5
Kynan Brown,Melbourne,41,20,20.96,181,Midfielder,2024,2,0,0,,0,,0.2,18,1.5,1.5,0,0.2,18,1.5,1.5,0
Kysaiah Pickett,Melbourne,36,24,24.58,171,Gen. Forward,2020,106,161,7,11,0,,9.529,65.085,11.085,5.274,1.519,11.58,73.3,12.75,5.65,1.7
Luker Kentfield,Melbourne,44,20,20.3,194,Key Forward,,0,,,,0,,,,,,,,,,,
Marty Hore,Melbourne,27,29,29.82,191,Gen. Defender,2019,20,1,0,,0,,6.46,64.9,14.35,4.7,0.05,6.46,64.9,14.35,4.7,0.05
Matthew Jefferson,Melbourne,21,21,21.81,195,Key Forward,2025,2,2,0,,2,2,3.25,20.5,2.5,1.5,1,3.25,20.5,2.5,1.5,1
Max Gawn,Melbourne,11,34,34,209,Ruck,2011,226,109,10,8,2,0,14.6,111.646,15.81,9.235,0.482,17.485,122.8,18.95,12.05,0.55
Oliver Sestan,Melbourne,38,21,21.71,188,Mid-Forward,,0,,,,0,,,,,,,,,,,
Ricky Mentha,Melbourne,39,19,19.32,179,Gen. Forward,,0,,,,0,,,,,,,,,,,
Shane McAdam,Melbourne,23,30,30.59,186,Gen. Forward,2020,53,73,0,,0,,6.494,60.038,9.509,4.019,1.377,6.505,58.6,10.1,3.6,1.35
Steven May,Melbourne,1,33,33.97,193,Key Defender,2011,235,24,7,0,0,,10.353,81.038,15.987,4.626,0.102,9.96,91.6,18.4,4.1,0.05
Taj Woewodin,Melbourne,40,22,22.76,182,Gen. Defender,2023,21,3,0,,1,0,3.89,31.095,7.857,2.286,0.143,3.88,30.5,7.65,2.15,0.15
Tom Campbell,Melbourne,29,34,34.16,201,Ruck,2012,58,30,0,,0,,7.471,60.845,9.431,6.103,0.517,7.02,61.45,9.55,6.25,0.45
Tom Fullarton,Melbourne,33,26,26.85,200,Ruck,2020,19,6,3,1,0,,5.884,44.789,9.053,4.579,0.316,5.884,44.789,9.053,4.579,0.316
Tom McDonald,Melbourne,25,33,33.28,195,Key Defender,2011,234,169,8,9,2,0,10.629,79.825,15.393,5.568,0.722,11.225,81.35,15.15,5.05,0.15
Tom Sparrow,Melbourne,32,25,25.58,183,Mid-Forward,2019,97,35,7,5,2,1,7.905,60.175,14.32,5.526,0.361,7.905,65.15,15.75,5.55,0.3
Trent Rivers,Melbourne,24,24,24.42,188,Midfielder,2020,102,9,7,0,2,0,8.796,72.627,17.382,5.461,0.088,10.905,85.6,21.75,6.85,0.1
Will Verrall,Melbourne,28,21,21.8,199,Ruck,,0,,,,0,,,,,,,,,,,
Xavier Lindsay,Melbourne,20,19,19.41,183,Midfielder,2025,2,0,0,,2,0,9.4,82,21,6.5,0,9.4,82,21,6.5,0
Aidan Corr,North Melbourne,4,31,31.62,195,Key Defender,2013,164,3,7,0,2,0,7.396,60.537,11.787,3.415,0.018,8.12,69,13.4,4.1,0
Bailey Scott,North Melbourne,8,25,25.47,186,Midfielder,2019,103,34,0,,2,2,7.237,67.476,17.485,4.495,0.33,7.775,75.9,19.65,5.4,0.3
Brayden George,North Melbourne,33,21,21.96,187,Gen. Defender,,0,,,,0,,,,,,,,,,,
Brynn Teakle,North Melbourne,43,26,26.2,203,Key Forward,2022,17,10,0,,0,,5.824,50.353,8.118,4.471,0.588,5.824,50.353,8.118,4.471,0.588
Caleb Daniel,North Melbourne,5,29,29.48,171,Gen. Defender,2015,194,49,12,4,2,0,10.273,84.634,21.82,6.237,0.253,7.74,60.95,16.2,4.7,0.1
Callum Coleman-Jones,North Melbourne,21,26,26.55,200,Key Forward,2019,31,20,0,,0,,5.829,53.645,9.935,5.355,0.645,5.055,48.35,9.75,4.95,0.4
Cameron Zurhaar,North Melbourne,44,27,27.61,190,Gen. Forward,2017,123,167,0,,2,5,7.999,64.772,12.561,5.48,1.358,7.83,71,14.35,5.3,1.5
Charlie Comben,North Melbourne,30,24,24.44,199,Key Defender,2021,30,8,0,,2,0,6.863,65,11.5,4.867,0.267,8.165,71.95,12.65,5.05,0.15
Colby McKercher,North Melbourne,10,20,20.72,182,Midfielder,2024,18,1,0,,2,1,7.3,85.444,23.056,3.889,0.056,7.3,85.444,23.056,3.889,0.056
Cooper Harvey,North Melbourne,37,21,21.47,180,Gen. Forward,2023,3,1,0,,0,,4.833,35,9.333,3.667,0.333,4.833,35,9.333,3.667,0.333
Darcy Tucker,North Melbourne,13,28,28.93,184,Gen. Defender,2016,151,44,0,,2,0,6.624,60.338,15.728,4.57,0.291,6.905,65.6,17.25,3.65,0.15
Dylan Stephens,North Melbourne,15,24,24.97,184,Midfielder,2020,60,11,3,2,1,0,5.422,53.183,13.033,4.267,0.183,6.11,49.7,12.9,4.2,0
Eddie Ford,North Melbourne,40,23,23.52,189,Gen. Forward,2021,40,31,0,,0,,6.255,51.7,11.275,4.225,0.775,6.27,55.55,12.2,5,0.9
Finn O'Sullivan,North Melbourne,2,19,19.58,183,Gen. Defender,2025,2,0,0,,2,0,9.05,46.5,14,3.5,0,9.05,46.5,14,3.5,0
Finnbar Maley,North Melbourne,39,22,22.45,197,Key Forward,,0,,,,0,,,,,,,,,,,
Geordie Payne,North Melbourne,23,20,20.15,184,Mid-Forward,,0,,,,0,,,,,,,,,,,
George Wardlaw,North Melbourne,6,21,21.55,182,Midfielder,2023,26,8,0,,0,,11.308,79.385,17.731,8.923,0.308,11.815,82.9,18.15,9.25,0.35
Griffin Logue,North Melbourne,19,27,27.71,193,Key Defender,2017,82,10,2,3,1,0,7.578,61.927,11.5,4.939,0.122,7.65,62.85,11.65,4.6,0.2
Harry Sheezel,North Melbourne,3,21,21.21,185,Midfielder,2023,46,17,0,,2,0,12.452,107.674,28.413,8.457,0.37,14.69,114.65,29.3,10.6,0.7
Jack Darling,North Melbourne,28,33,33.55,191,Key Forward,2011,300,535,17,34,2,3,9.915,74.61,11.757,6.067,1.783,7.51,60.2,10.6,5.2,1.2
Jackson Archer,North Melbourne,34,22,22.97,187,Gen. Defender,2022,24,0,0,,1,0,3.846,42.958,9.75,3.75,0,3.51,41.9,9.5,3.45,0
Jacob Konstanty,North Melbourne,41,21,21.14,177,Gen. Forward,2025,2,1,0,,2,1,9.8,55,9.5,4.5,0.5,9.8,55,9.5,4.5,0.5
Josh Goater,North Melbourne,31,22,22.58,190,Gen. Defender,2022,12,0,0,,0,,5.933,56.167,14.25,3.583,0,5.933,56.167,14.25,3.583,0
Jy Simpkin,North Melbourne,12,27,27.82,183,Mid-Forward,2017,154,64,0,,2,2,10.002,79.506,20.5,8.955,0.416,11.155,82.55,21.6,9.55,0.65
Kallan Dawson,North Melbourne,42,27,27.44,196,Key Defender,2022,16,1,0,,0,,6.838,54.438,11.062,3.312,0.062,6.838,54.438,11.062,3.312,0.062
Luke Davies-Uniacke,North Melbourne,9,26,26.56,188,Midfielder,2018,110,43,0,,2,2,12.159,91.009,22.391,10.245,0.391,16.34,111.9,27.15,12.5,0.6
Luke McDonald,North Melbourne,11,30,30.89,189,Gen. Defender,2014,205,18,5,1,2,0,7.819,72.941,17.415,4.795,0.088,7.29,67.35,14.3,3.6,0
Luke Parker,North Melbourne,26,33,33.18,183,Midfielder,2011,295,214,26,21,2,1,12.936,96.037,23.214,11.322,0.725,9.645,74,17.5,8,0.85
Luke Urquhart,North Melbourne,14,19,19.28,185,Midfielder,,0,,,,0,,,,,,,,,,,
Matt Whitlock,North Melbourne,35,19,19.62,197,Key Defender,,0,,,,0,,,,,,,,,,,
Miller Bergman,North Melbourne,27,22,22.93,189,Gen. Defender,2022,16,0,0,,0,,4.088,40.812,10,2.438,0,4.088,40.812,10,2.438,0
Nick Larkey,North Melbourne,20,27,27.56,198,Key Forward,2017,119,245,0,,2,8,7.653,60.218,9.092,4.42,2.059,8.895,64.45,9.95,4.5,2.2
Paul Curtis,North Melbourne,25,22,22.82,185,Gen. Forward,2022,61,65,0,,2,6,7.305,54.525,10.459,4.967,1.066,8.57,63.6,12.3,5.45,1.35
Riley Hardeman,North Melbourne,17,20,20.84,184,Gen. Defender,2024,3,0,0,,0,,2.7,44.333,10,2.333,0,2.7,44.333,10,2.333,0
River Stevens,North Melbourne,36,19,19.51,177,Mid-Forward,,0,,,,0,,,,,,,,,,,
Robert Hansen Jr,North Melbourne,46,21,21.8,182,Mid-Forward,2023,10,4,0,,2,0,4.71,36.1,8.9,3.2,0.4,4.71,36.1,8.9,3.2,0.4
Taylor Goad,North Melbourne,22,20,20.67,207,Ruck,,0,,,,0,,,,,,,,,,,
Toby Pink,North Melbourne,32,27,27.38,194,Key Forward,2024,16,7,0,,1,0,4.875,40.438,7.25,2.688,0.438,4.875,40.438,7.25,2.688,0.438
Tom Powell,North Melbourne,24,23,23.83,184,Midfielder,2021,70,26,0,,2,1,8.794,67.457,17.571,5.843,0.371,10.64,78.3,19.85,6.9,0.35
Tristan Xerri,North Melbourne,38,26,26.79,202,Ruck,2020,58,22,0,,2,1,11.069,86.759,12.948,8.948,0.379,16.83,125.2,18.85,13.05,0.35
Wil Dawson,North Melbourne,18,20,20.03,200,Key Defender,2024,3,0,0,,0,,4.5,38,5.333,2.333,0,4.5,38,5.333,2.333,0
Will Phillips,North Melbourne,29,23,23.61,181,Mid-Forward,2021,45,8,0,,2,0,8.173,58.444,13.956,5.956,0.178,8.565,63.75,15.45,6.1,0.1
Zac Fisher,North Melbourne,16,27,27.54,175,Gen. Defender,2017,125,53,0,,0,,8.42,68.96,18.048,6.2,0.424,7.245,84.4,24.25,5.7,0.05
Zane Duursma,North Melbourne,7,20,20.34,190,Gen. Forward,2024,13,9,0,,0,,5.269,36.077,7.462,2.846,0.692,5.269,36.077,7.462,2.846,0.692
Aliir Aliir,Port Adelaide,21,31,31.32,194,Key Defender,2016,158,5,11,0,2,0,10.052,74.994,13.842,5.873,0.032,10.12,80.6,15.15,6.35,0
Benny Barrett,Port Adelaide,40,19,19.66,176,Midfielder,,0,,,,0,,,,,,,,,,,
Brandon Zerk-Thatcher,Port Adelaide,25,27,27.35,195,Key Defender,2019,77,0,3,0,0,,7.526,61.714,11.13,3.909,0,7.295,62.75,11.05,4.45,0
Christian Moraes,Port Adelaide,31,19,19.14,183,Midfielder,,1,0,0,,1,0,8.6,52,17,3,0,8.6,52,17,3,0
Connor Rozee,Port Adelaide,1,25,25.93,185,Midfielder,2019,131,115,9,8,2,2,11.298,88.176,20.214,7.397,0.878,11.495,94.8,23.7,7.7,0.55
Dante Visentini,Port Adelaide,38,22,22.87,202,Ruck,2023,6,1,0,,0,,6.417,49,7.333,4,0.167,6.417,49,7.333,4,0.167
Darcy Byrne-Jones,Port Adelaide,33,30,30.27,181,Gen. Forward,2016,201,55,10,3,2,2,8.369,73.134,16.965,5.711,0.274,8.63,64.35,11.15,4.35,1
Dylan Williams,Port Adelaide,23,24,24.5,186,Gen. Defender,2021,27,0,1,0,0,,6.044,60.037,13.667,3.556,0,5.89,59.4,13.5,3.15,0
Esava Ratugolea,Port Adelaide,27,27,27.43,197,Key Defender,2018,98,42,8,4,0,,6.543,57.684,8.684,5.286,0.429,7.1,57.15,9.35,5,0.2
Hugh Jackson,Port Adelaide,39,22,22.66,182,Midfielder,,0,,,,0,,,,,,,,,,,
Ivan Soldo,Port Adelaide,13,29,29.71,204,Ruck,2017,65,28,3,1,0,,8.434,69.846,8.415,4.708,0.431,9.355,77.1,9.5,5.3,0.6
Jack Lukosius,Port Adelaide,12,25,25.39,195,Gen. Forward,2019,118,80,0,,2,1,8.315,69.339,14.466,4.051,0.678,7.4,62.05,11.95,3.8,1
Jack Whitlock,Port Adelaide,17,19,19.62,200,Key Forward,,0,,,,0,,,,,,,,,,,
Jackson Mead,Port Adelaide,44,24,24.25,184,Midfielder,2022,46,9,3,0,2,0,6.863,52.435,12.543,4.239,0.196,9.4,64.65,16.15,5.4,0.2
Jacob Moss,Port Adelaide,42,21,21.02,198,Key Defender,,0,,,,0,,,,,,,,,,,
Jase Burgoyne,Port Adelaide,7,22,22.46,186,Midfielder,2022,38,9,3,3,2,2,7.961,70.553,15.947,5.421,0.237,10.6,88,19.7,6.85,0.35
Jason Horne-Francis,Port Adelaide,18,22,22.52,185,Midfielder,2022,67,49,5,3,2,2,10.166,81.075,18.91,9.239,0.731,11.8,94.8,21.8,10.1,1.15
Jed McEntee,Port Adelaide,41,24,24.87,176,Gen. Forward,2021,46,26,3,1,0,,4.526,40.565,8.174,3.326,0.565,4.325,40.6,8.15,2.95,0.45
Jeremy Finlayson,Port Adelaide,11,29,29.89,197,Key Defender,2017,121,161,6,7,1,0,9.824,73.231,12.669,5.157,1.331,6.44,60,12.15,5.1,0.9
Joe Berry,Port Adelaide,5,19,19.7,180,Gen. Forward,2025,2,1,0,,2,1,0.6,47,9.5,0,0.5,0.6,47,9.5,0,0.5
Joe Richards,Port Adelaide,35,26,26.1,177,Gen. Forward,2024,11,7,0,,2,1,8.136,58.818,13,3.909,0.636,8.136,58.818,13,3.909,0.636
Jordon Sweet,Port Adelaide,24,27,27.9,206,Ruck,2021,30,7,3,0,2,1,8.733,80.767,9.433,5.067,0.233,9.38,87.05,9.95,5.5,0.25
Josh Lai,Port Adelaide,43,20,20.24,185,Midfielder,,0,,,,0,,,,,,,,,,,
Josh Sinn,Port Adelaide,8,22,22.98,187,Gen. Defender,2022,12,1,2,0,2,0,4.55,45.417,11.417,2.75,0.083,4.55,45.417,11.417,2.75,0.083
Kane Farrell,Port Adelaide,6,26,26.79,182,Gen. Defender,2018,95,47,2,0,2,1,8.461,68.789,14.863,3.779,0.495,10.665,86.3,20.35,4.05,0.25
Lachie Jones,Port Adelaide,34,23,23.72,186,Gen. Defender,2021,58,6,5,0,2,0,7.047,52.414,10.776,4.586,0.103,7.76,52.35,10.55,4.75,0
Lachlan Charleson,Port Adelaide,26,20,20.92,177,Gen. Forward,,0,,,,0,,,,,,,,,,,
Logan Evans,Port Adelaide,22,20,20.23,189,Gen. Defender,2024,15,3,3,0,2,1,7.66,67.533,15.867,3.533,0.2,7.66,67.533,15.867,3.533,0.2
Miles Bergman,Port Adelaide,14,24,24.2,189,Gen. Defender,2021,85,20,7,0,2,0,7.501,67.106,14.871,5.129,0.235,9.18,72.9,15.5,5.1,0.05
Mitch Georgiades,Port Adelaide,19,24,24.25,192,Key Forward,2020,71,113,3,5,2,4,5.773,61.704,10.408,4.268,1.592,7.415,68.15,10.65,3.75,2.2
Ollie Lord,Port Adelaide,30,23,23.99,197,Key Forward,2023,19,21,2,5,0,,4.4,47.737,6.737,3.947,1.105,4.4,47.737,6.737,3.947,1.105
Ollie Wines,Port Adelaide,16,31,31.23,187,Midfielder,2013,255,101,15,10,2,1,11.913,96.475,25.102,11.824,0.396,11.68,98.15,24.5,11.55,0.35
Rory Atkins,Port Adelaide,32,31,31.47,185,Gen. Defender,2015,138,52,6,0,0,,9.146,67.899,18.565,5.109,0.377,9.125,67.15,19.1,3.2,0.15
Ryan Burton,Port Adelaide,3,28,28.91,191,Gen. Defender,2016,156,24,11,2,2,0,8.269,73.667,17.859,4.442,0.154,8.34,71.9,17.5,3.3,0.15
Sam Powell-Pepper,Port Adelaide,2,27,27.97,187,Gen. Forward,2017,144,109,7,5,2,3,8.272,69.875,15.944,7.111,0.757,6.63,59.45,12.3,5.5,1.2
Todd Marshall,Port Adelaide,4,27,27.23,198,Key Forward,2017,116,159,8,8,0,,7.447,62.716,9.474,3.957,1.371,5.495,53.8,9,2.95,1.15
Tom Anastasopoulos,Port Adelaide,29,20,20.58,176,Gen. Forward,,0,,,,0,,,,,,,,,,,
Tom Cochrane,Port Adelaide,37,19,19.92,183,Midfielder,,0,,,,0,,,,,,,,,,,
Travis Boak,Port Adelaide,10,37,37.41,183,Midfielder,2007,373,210,18,6,2,1,12.474,92.445,23.357,9.783,0.563,9.555,82.2,19.9,5.65,0.3
Will Lorenz,Port Adelaide,36,20,20.86,186,Midfielder,2024,2,0,1,0,0,,2.15,22,3,2,0,2.15,22,3,2,0
Willem Drew,Port Adelaide,28,27,27.24,188,Midfielder,2019,109,19,7,1,2,0,11.049,84.587,17.89,8.431,0.174,10.66,87.55,19.05,8.4,0.05
Willie Rioli,Port Adelaide,15,30,30.57,175,Gen. Forward,2018,92,128,9,12,2,4,9.548,64.739,11.304,4.804,1.391,9.175,66.05,10.05,4.25,1.8
Xavier Walsh,Port Adelaide,45,20,20.31,195,Key Defender,,0,,,,0,,,,,,,,,,,
Zak Butters,Port Adelaide,9,25,25.31,181,Midfielder,2019,119,67,9,1,0,,12.566,94.286,21.655,8.412,0.563,14.705,108.5,26.85,10.6,0.45
Ben Miller,Richmond,12,26,26.33,198,Key Defender,2021,48,9,1,0,2,0,9.167,66.521,10.062,3.708,0.188,10.205,74.2,12.6,3.25,0
Campbell Gray,Richmond,50,22,22.41,195,Key Forward,,0,,,,0,,,,,,,,,,,
Dion Prestia,Richmond,3,33,33.21,175,Midfielder,2011,225,73,13,8,0,,12.313,89.32,23.671,9.649,0.324,11.75,83.2,22.1,8.05,0.3
Harry Armstrong,Richmond,34,19,19.54,195,Key Forward,2025,2,2,0,,2,2,6.6,43.5,8.5,4.5,1,6.6,43.5,8.5,4.5,1
Hugo Ralphsmith,Richmond,13,24,24.14,187,Midfielder,2021,50,15,0,,0,,5.876,48.56,12.5,3.52,0.3,5.66,49.25,12.8,3.45,0.3
Jack Ross,Richmond,5,25,25.32,187,Gen. Forward,2019,72,17,1,1,2,2,8.479,62.569,15.75,5.264,0.236,11.43,75.8,18.65,7.05,0.5
Jacob Bauer,Richmond,43,23,23.57,192,Key Forward,2023,9,10,0,,2,2,5.111,36.778,6.889,3.222,1.111,5.111,36.778,6.889,3.222,1.111
Jacob Blight,Richmond,46,24,24.04,196,Key Defender,2024,5,1,0,,2,1,7.24,59.4,10.8,4,0.2,7.24,59.4,10.8,4,0.2
Jacob Hopper,Richmond,2,28,28.89,187,Midfielder,2016,144,53,13,2,2,1,9.556,83.306,22.042,10.354,0.368,9.21,74.8,22.3,9.15,0.25
Jacob Koschitzke,Richmond,20,25,25.47,196,Key Forward,2021,62,66,0,,0,,5.915,53.065,8.371,4.403,1.065,5.93,54.35,9.15,5.05,0.9
James Trezise,Richmond,36,23,23.54,188,Midfielder,2023,10,0,0,,2,0,7.29,59.8,14.1,4.9,0,7.29,59.8,14.1,4.9,0
Jasper Alger,Richmond,29,19,19.03,183,Gen. Forward,,0,,,,0,,,,,,,,,,,
Jayden Short,Richmond,15,29,29.93,178,Gen. Defender,2016,177,35,10,0,2,0,8.924,84.441,20.328,4.169,0.198,7.995,80.9,22,3.35,0
Jonty Faull,Richmond,26,19,19.91,195,Key Forward,,0,,,,0,,,,,,,,,,,
Josh Gibcus,Richmond,18,22,22.74,196,Key Defender,2022,20,3,1,0,0,,7.26,53.05,8.75,3.6,0.15,7.26,53.05,8.75,3.6,0.15
Josh Smillie,Richmond,16,19,19.62,195,Midfielder,,0,,,,0,,,,,,,,,,,
Judson Clarke,Richmond,23,22,22.2,180,Gen. Forward,2022,17,14,0,,0,,5.829,41.471,8.471,3.471,0.824,5.829,41.471,8.471,3.471,0.824
Kaleb Smith,Richmond,49,21,21.11,181,Gen. Defender,2024,5,1,0,,1,0,4.1,23.8,6.6,2.2,0.2,4.1,23.8,6.6,2.2,0.2
Kamdyn McIntosh,Richmond,33,31,31.74,191,Midfielder,2015,192,55,11,8,2,1,7.208,62.245,14.505,4.562,0.286,5.52,49.5,11.7,3.5,0.35
Kane McAuliffe,Richmond,28,20,20.83,187,Midfielder,2024,9,0,0,,0,,5.344,45.333,11.444,5.333,0,5.344,45.333,11.444,5.333,0
Liam Fawcett,Richmond,37,20,20.69,197,Key Forward,,1,1,0,,1,1,10.8,30,5,1,1,10.8,30,5,1,1
Luke Trainor,Richmond,31,19,19.72,195,Key Defender,2025,2,0,0,,2,0,3.7,37,12.5,3,0,3.7,37,12.5,3,0
Mate Colina,Richmond,39,26,26.61,211,Ruck,,0,,,,0,,,,,,,,,,,
Maurice Rioli,Richmond,17,23,23.33,179,Gen. Forward,2021,36,26,1,1,0,,5.353,43.111,7.722,3.167,0.722,5.36,43.95,7.95,3.45,0.55
Mykelti Lefau,Richmond,42,27,27.52,195,Key Forward,2024,10,14,0,,0,,5.73,54.3,7.2,3.5,1.4,5.73,54.3,7.2,3.5,1.4
Nathan Broad,Richmond,35,32,32.71,192,Gen. Defender,2016,150,4,12,0,2,0,7.499,66.453,13.847,3.793,0.027,6.83,65.6,14.75,3.25,0.05
Nick Vlastuin,Richmond,1,31,31.7,187,Gen. Defender,2013,235,29,16,1,2,0,10.177,83.264,17.14,5.566,0.123,9.955,83.9,19.45,5.65,0
Noah Balta,Richmond,21,26,26.18,194,Key Defender,2019,104,37,5,0,0,,8.708,64.135,12.173,4.952,0.356,8.005,61.75,12.3,4.3,0.6
Oliver Hayes-Brown,Richmond,47,25,25.67,208,Ruck,,0,,,,0,,,,,,,,,,,
Rhyan Mansell,Richmond,7,25,25.57,180,Gen. Forward,2021,55,33,0,,2,1,6.758,51.4,9.945,3.636,0.6,9.135,58.65,10.5,4.5,0.95
Sam Banks,Richmond,41,22,22.74,187,Midfielder,2023,23,2,0,,2,0,5.887,49.609,12.652,3.652,0.087,6.03,48.45,12.5,3.65,0.1
Sam Lalor,Richmond,22,19,19.33,188,Gen. Forward,2025,2,3,0,,2,3,12.45,56.5,14,4.5,1.5,12.45,56.5,14,4.5,1.5
Samson Ryan,Richmond,32,25,25.06,206,Ruck,2021,23,15,0,,0,,5.752,48.261,6.565,3.13,0.652,5.74,50.6,7.15,3.25,0.6
Seth Campbell,Richmond,44,21,21,182,Gen. Forward,2024,23,14,0,,2,4,7.07,52.696,11.261,4.261,0.609,6.74,51.55,11.15,4.1,0.55
Steely Green,Richmond,48,21,21.97,179,Gen. Forward,2024,8,5,0,,2,0,5.462,35.875,9,2.875,0.625,5.462,35.875,9,2.875,0.625
Taj Hotton,Richmond,24,19,19.53,183,Mid-Forward,,0,,,,0,,,,,,,,,,,
Thomas Sims,Richmond,38,19,19.63,199,Key Forward,,0,,,,0,,,,,,,,,,,
Thomson Dow,Richmond,27,24,24.2,184,Midfielder,2020,36,1,0,,2,0,6.506,56.667,15.056,7.083,0.028,7.35,62.6,16.5,8.25,0
Tim Taranto,Richmond,14,27,27.92,188,Midfielder,2017,154,73,10,3,2,0,10.373,93.169,24.383,10.117,0.474,10.52,90.75,24.35,10.9,0.35
Toby Nankervis,Richmond,25,31,31.38,199,Ruck,2015,159,41,14,0,2,2,11.822,93.044,15.22,8.597,0.258,13.65,109.5,16.05,10.25,0.2
Tom Brown,Richmond,30,22,22.42,193,Gen. Defender,2023,21,5,0,,2,1,7.614,58.619,12.619,4.714,0.238,7.62,58.1,12.45,4.65,0.25
Tom Lynch,Richmond,19,33,33.16,199,Key Forward,2011,221,463,7,16,1,1,10.175,77.783,12.828,6.774,2.095,9.65,74.85,10.75,6.5,2.6
Tylar Young,Richmond,45,27,27.32,196,Key Defender,2023,28,0,0,,0,,6.986,49.286,9.25,3.357,0,6.525,49.4,9.25,3.15,0
Tyler Sonsie,Richmond,40,22,22.92,181,Midfielder,2022,25,7,1,1,1,0,5.456,45.36,13.12,4.52,0.28,4.525,40.25,12.05,4,0.3
Alex Dodson,St Kilda,30,19,19.54,203,Ruck,,0,,,,0,,,,,,,,,,,
Alixzander Tauru,St Kilda,26,19,19.12,193,Key Defender,,0,,,,0,,,,,,,,,,,
Angus Hastie,St Kilda,24,20,20.28,190,Gen. Defender,2024,6,1,0,,1,0,2.433,25.833,6.167,1.667,0.167,2.433,25.833,6.167,1.667,0.167
Angus McLennan,St Kilda,41,22,22.32,188,Gen. Defender,2024,2,0,0,,0,,5,52.5,12.5,2,0,5,52.5,12.5,2,0
Anthony Caminiti,St Kilda,47,22,22.06,196,Key Forward,2023,35,34,1,0,2,0,6.146,52.4,9.029,4.543,0.971,6.17,52.6,9.25,4.8,0.85
Arie Schoenmaker,St Kilda,27,20,20.98,194,Gen. Defender,2024,5,0,0,,1,0,5.38,63.4,15.2,2.8,0,5.38,63.4,15.2,2.8,0
Bradley Hill,St Kilda,8,32,32.47,182,Mid-Forward,2012,257,104,15,12,2,1,8.872,71.875,19.673,3.988,0.405,9.825,69.35,18.15,3.75,0.35
Callum Wilkie,St Kilda,44,29,29.81,191,Key Defender,2019,134,1,3,0,2,0,8.993,81.231,16.201,4.776,0.007,11.54,93.3,17.9,5.7,0
Cooper Sharman,St Kilda,43,25,25.43,193,Key Forward,2021,49,46,1,2,0,,7.139,52.286,9.143,4.224,0.939,7.345,56.65,9.7,5.2,1
Dan Butler,St Kilda,16,29,29.57,182,Gen. Forward,2017,145,165,6,6,0,,8.499,56.938,10.524,3.938,1.138,4.99,41.65,8.4,3.35,0.8
Darcy Wilson,St Kilda,22,20,20.36,185,Gen. Forward,2024,25,15,0,,2,0,7.492,65.72,15.72,5.2,0.6,8.185,68.7,16.25,5.75,0.55
Dougal Howard,St Kilda,20,29,29.76,199,Key Defender,2016,135,15,3,0,0,,8.795,68.926,12.022,3.822,0.111,6.725,62,11.7,3.4,0
Eamonn Armstrong,St Kilda,46,19,19.43,191,Gen. Defender,,0,,,,0,,,,,,,,,,,
Harry Boyd,St Kilda,31,27,27.88,198,Ruck,2025,1,0,0,,1,0,8.4,63,12,8,0,8.4,63,12,8,0
Hugh Boxshall,St Kilda,38,19,19.47,188,Midfielder,,0,,,,0,,,,,,,,,,,
Hugo Garcia,St Kilda,34,20,20.61,185,Mid-Forward,2024,11,2,0,,2,1,4.936,40.364,8.455,4.364,0.182,4.936,40.364,8.455,4.364,0.182
Hunter Clark,St Kilda,11,26,26.76,186,Midfielder,2018,100,13,3,0,2,0,7.434,68.2,17.74,6.45,0.13,8.44,64.1,16.8,7.6,0.1
Isaac Keeler,St Kilda,17,21,21.69,198,Key Defender,,1,1,0,,1,1,5.5,41,7,5,1,5.5,41,7,5,1
Jack Carroll,St Kilda,18,23,23.03,188,Mid-Forward,2022,21,5,0,,0,,5.433,41.381,10.476,3.381,0.238,5.32,38.7,10.05,3.3,0.2
Jack Higgins,St Kilda,1,26,26.78,178,Gen. Forward,2018,124,164,3,4,2,6,8.927,70.177,14.169,6,1.323,9.495,69.25,11.85,4.9,1.9
Jack Macrae,St Kilda,6,31,31.41,192,Midfielder,2013,251,59,13,2,2,0,12.559,106.359,27.825,10.546,0.235,10.065,77.8,19.9,7.6,0.25
Jack Sinclair,St Kilda,35,30,30.88,181,Gen. Defender,2015,189,62,3,0,2,2,12.376,87.635,21.074,7.228,0.328,15.715,113.9,27.05,8.5,0.35
Jack Steele,St Kilda,9,30,30.04,187,Midfielder,2015,183,66,3,1,2,0,12.325,101.317,23.333,10.557,0.361,12.19,101.7,22.8,10.25,0.35
James Barrat,St Kilda,28,19,19.1,194,Key Defender,,0,,,,0,,,,,,,,,,,
Jimmy Webster,St Kilda,29,32,32.5,188,Gen. Defender,2013,167,4,1,0,2,0,7.489,65.263,15.898,4.317,0.024,5.845,60.3,13.15,3.45,0
Lance Collard,St Kilda,4,20,20.76,185,Gen. Forward,2024,4,2,0,,1,2,2.975,14.5,3.25,2,0.5,2.975,14.5,3.25,2,0.5
Liam Henry,St Kilda,23,24,24.34,180,Gen. Forward,2020,55,20,0,,0,,6.924,53.745,13.327,4.564,0.364,9.57,68.25,16.9,5.8,0.35
Liam O'Connell,St Kilda,45,22,22.82,189,Gen. Defender,2025,2,0,0,,2,0,4.25,35,5.5,1.5,0,4.25,35,5.5,1.5,0
Liam Stocker,St Kilda,14,25,25.93,184,Gen. Defender,2019,68,2,1,0,1,0,5.613,57.353,14.147,4.265,0.029,6.16,52.1,12,4.3,0
Marcus Windhager,St Kilda,2,22,22.62,185,Midfielder,2022,54,8,1,0,2,2,5.3,58.833,15.407,5.685,0.148,7.495,73.95,18.6,8.45,0.1
Mason Wood,St Kilda,32,32,32.29,192,Key Forward,2014,137,131,1,0,2,4,8.776,71.46,15.54,5.766,0.956,9.755,80.55,18.55,5.3,1
Mattaes Phillipou,St Kilda,25,21,21.01,190,Mid-Forward,2023,37,21,1,0,0,,7.035,53,13.27,5.568,0.568,6.705,54.6,13.2,5.5,0.6
Max Hall,St Kilda,40,23,23.71,183,Gen. Forward,2025,2,2,0,,2,2,5.05,53.5,14.5,3,1,5.05,53.5,14.5,3,1
Max Heath,St Kilda,42,23,23.18,204,Ruck,,0,,,,0,,,,,,,,,,,
Max King,St Kilda,12,25,25.48,202,Key Forward,2020,83,159,3,5,0,,7.582,62.518,9.53,5.542,1.916,6.575,55.85,9.85,4.95,1.8
Mitch Owens,St Kilda,10,22,22.26,191,Gen. Forward,2022,54,51,1,1,1,2,8.754,68.907,13.204,7.296,0.944,7.375,61.3,11.6,6.15,1
Nasiah Wanganeen-Milera,St Kilda,7,22,22.85,187,Gen. Defender,2022,65,7,1,1,2,1,9.143,82.369,21.769,4.554,0.108,11.495,100.15,25.85,5.6,0.1
Paddy Dow,St Kilda,15,26,26.2,184,Midfielder,2018,83,24,0,,0,,7.617,54.205,14.205,6.663,0.289,8.56,57.85,16.05,6.95,0.25
Patrick Said,St Kilda,33,19,19.68,180,Mid-Forward,,0,,,,0,,,,,,,,,,,
Rowan Marshall,St Kilda,19,30,30.1,201,Key Forward,2017,135,68,3,1,2,0,12.798,101.911,17.37,9.793,0.504,13.75,110,20.15,10.2,0.7
Ryan Byrnes,St Kilda,13,24,24.66,181,Midfielder,2020,65,12,0,,2,0,5.855,53.2,14.708,4.292,0.185,7.15,60.05,16.25,4.3,0.05
Tobie Travaglia,St Kilda,5,19,19.18,188,Midfielder,,0,,,,0,,,,,,,,,,,
Zaine Cordy,St Kilda,21,29,29.17,195,Key Defender,2015,141,21,10,3,1,1,7.398,52.801,9.582,3.631,0.149,6.65,45.35,7.55,2.9,0.3
Zak Jones,St Kilda,3,30,30.79,182,Mid-Forward,2014,151,36,9,0,2,0,8.764,73.119,18.152,6.152,0.238,7.425,60.7,15.95,5.4,0.1
Aaron Francis,Sydney,10,28,28.39,192,Key Defender,2016,74,13,2,0,0,,6.67,57.784,11.041,4.203,0.176,5.27,48.95,9.85,3.6,0.05
Angus Sheldrick,Sydney,12,22,22.14,178,Midfielder,2022,10,3,0,,1,0,5.37,49.5,12.4,5.1,0.3,5.37,49.5,12.4,5.1,0.3
Ben Paton,Sydney,25,27,27.2,187,Gen. Defender,2018,73,4,2,0,2,0,5.549,56.89,13.274,4.164,0.055,5.325,46.85,11.9,3.5,0
Blake Leidler,Sydney,32,19,19.78,181,Gen. Defender,,0,,,,0,,,,,,,,,,,
Braeden Campbell,Sydney,16,23,23.9,181,Gen. Forward,2021,73,18,7,1,2,2,6.101,54.205,11.959,3.945,0.247,5.965,47.65,9.4,3.3,0.35
Brodie Grundy,Sydney,4,31,31.71,202,Ruck,2013,222,72,12,2,2,0,12.723,104.689,17.198,10.095,0.324,11.705,101.7,17.25,11.6,0.05
Caiden Cleary,Sydney,33,20,20.82,182,Gen. Forward,2024,5,2,0,,0,,4.72,28.8,6.6,3.2,0.4,4.72,28.8,6.6,3.2,0.4
Caleb Mitchell,Sydney,35,21,21.39,186,Midfielder,2024,2,0,0,,0,,1.5,14,5,2,0,1.5,14,5,2,0
Callum Mills,Sydney,14,28,28.74,188,Gen. Defender,2016,162,28,9,3,0,,10.281,90.117,20.383,6.833,0.173,9.85,79.05,18.7,6.25,0.25
Chad Warner,Sydney,1,24,24.61,185,Mid-Forward,2020,87,82,8,6,2,4,13.851,93.402,22.103,8.989,0.943,15.845,102.3,23.1,8,1.5
Corey Warner,Sydney,37,22,22.23,182,Mid-Forward,2023,11,4,0,,2,2,3.291,33.455,7.818,2.364,0.364,3.291,33.455,7.818,2.364,0.364
Dane Rampe,Sydney,24,35,35.58,187,Gen. Defender,2013,253,9,23,1,2,0,9.075,76.103,16.067,4.423,0.036,6.925,61.45,11.35,2.8,0.1
Errol Gulden,Sydney,21,23,23.45,175,Midfielder,2021,93,69,8,2,0,,12.686,96.065,22.688,7.871,0.742,14.32,106.65,27.55,8.75,0.5
Harry Cunningham,Sydney,7,32,32.06,181,Gen. Defender,2012,208,52,15,4,0,,6.844,64.038,14.37,3.923,0.25,5.125,55.35,11.75,2.8,0.05
Hayden McLean,Sydney,2,26,26.94,197,Key Forward,2019,79,75,6,3,0,,7.643,65.62,10.392,5.038,0.949,8.175,67.35,11.05,5.15,1.05
Indhi Kirk,Sydney,31,21,21.33,181,Mid-Forward,,0,,,,0,,,,,,,,,,,
Isaac Heeney,Sydney,5,29,29.65,185,Midfielder,2015,203,263,17,18,2,2,12.518,92.266,18.266,8.571,1.296,14.985,107.5,23.9,11.65,1.35
Jack Buller,Sydney,39,24,24.62,199,Key Forward,2023,1,0,0,,0,,1.3,17,2,0,0,1.3,17,2,0,0
Jake Lloyd,Sydney,44,32,32.27,182,Midfielder,2014,251,43,20,5,2,1,9.335,92.191,23.984,5.135,0.171,9.275,85.85,19.7,4.65,0.35
James Jordon,Sydney,17,25,25.03,187,Midfielder,2021,93,26,7,0,2,0,7.18,62.828,15.742,4.914,0.28,6.76,62.6,14.4,4.85,0.25
James Rowbottom,Sydney,8,25,25.28,186,Midfielder,2019,119,36,8,4,2,1,10.798,81.311,16.966,8.739,0.303,13.365,94.05,18.95,10.3,0.35
Jesse Dattoli,Sydney,18,19,19.4,180,Mid-Forward,,0,,,,0,,,,,,,,,,,
Joel Amartey,Sydney,36,26,26.32,195,Key Forward,2020,55,76,4,5,2,3,5.924,54.982,7.818,4.255,1.382,6.41,60.85,8.55,4.55,1.7
Joel Hamling,Sydney,29,32,32.72,194,Key Defender,2015,92,0,5,0,1,0,7.828,62.033,11.5,4.109,0,7.24,64.6,11.5,4.45,0
Justin McInerney,Sydney,27,25,25.36,189,Mid-Forward,2019,94,37,8,1,2,0,9.228,72.383,17.362,5.074,0.394,9.46,77.75,18.8,5.4,0.2
Lewis Melican,Sydney,43,29,29.15,194,Key Defender,2017,86,2,5,0,2,0,7.594,57.186,10.372,3.988,0.023,7.97,56.85,8.95,3.4,0.05
Logan McDonald,Sydney,6,23,23.74,195,Key Forward,2021,70,93,6,6,0,,6.829,57.057,9.543,3.8,1.329,6.21,59.6,10.6,3.55,1.2
Matt Roberts,Sydney,34,22,22.41,184,Gen. Defender,2022,32,3,3,0,2,0,7.372,69.969,15.938,3.781,0.094,8.19,81.35,18.5,4.35,0.05
Ned Bowman,Sydney,23,19,19.3,187,Gen. Forward,,0,,,,0,,,,,,,,,,,
Nick Blakey,Sydney,22,25,25.84,196,Gen. Defender,2019,130,40,7,0,2,1,10.468,75.854,16.546,4.408,0.308,13.495,96.55,21.05,4.45,0.2
Oliver Florent,Sydney,13,27,27.44,184,Midfielder,2017,170,49,9,0,2,0,9.052,70.812,17.865,5.859,0.288,8.51,73.7,19.6,5.75,0.25
Patrick Snell,Sydney,41,20,20.45,194,Key Defender,,0,,,,0,,,,,,,,,,,
Peter Ladhams,Sydney,19,27,27.96,204,Ruck,2019,53,27,4,3,0,,9.147,75.377,14,7.717,0.509,9.02,73,14.7,8.25,0.3
Riak Andrew,Sydney,20,20,20.86,193,Key Defender,,0,,,,0,,,,,,,,,,,
Riley Bice,Sydney,26,25,25.26,186,Gen. Defender,2025,1,0,0,,1,0,3.3,52,12,1,0,3.3,52,12,1,0
Robbie Fox,Sydney,42,32,32.7,185,Gen. Forward,2017,105,15,7,1,0,,6.882,60.819,12.819,4.457,0.143,5.82,51.3,11.25,3.75,0.25
Sam Wicks,Sydney,15,26,26.29,181,Gen. Defender,2020,68,44,2,0,2,0,6.34,52.706,10.235,4.324,0.647,6.455,46.6,10.4,4.6,0.55
Taylor Adams,Sydney,3,32,32.27,181,Gen. Forward,2012,226,86,10,6,1,1,11.055,88.996,23.407,10.168,0.381,8.235,67.05,16.7,7.45,0.5
Tom Hanily,Sydney,40,20,20.58,179,Gen. Forward,2025,2,1,0,,2,1,0.25,37,9,3.5,0.5,0.25,37,9,3.5,0.5
Tom McCartin,Sydney,30,26,26,194,Key Forward,2018,134,30,9,0,2,2,7.939,60.5,10.769,4.933,0.224,7.74,60.75,11,4.2,0.1
Tom Papley,Sydney,11,29,29.46,177,Gen. Forward,2016,187,295,15,27,2,1,10.16,74.417,14.166,6.176,1.578,9.745,69.95,13.6,5.85,1.55
Will Hayward,Sydney,9,27,27.18,186,Gen. Forward,2017,165,202,9,7,2,2,7.393,61.933,11.188,4.588,1.224,7.56,61.8,11.75,4.35,1.4
William Edwards,Sydney,28,22,22.64,197,Key Defender,,0,,,,0,,,,,,,,,,,
William Green,Sydney,45,20,20.31,204,Ruck,,0,,,,0,,,,,,,,,,,
Archer Reid,West Coast,22,20,20.28,203,Ruck,2025,2,0,0,,2,0,3.2,26.5,6.5,4,0,3.2,26.5,6.5,4,0
Bailey J. Williams,West Coast,32,25,25.7,201,Ruck,2020,73,19,0,,1,0,8.233,64.315,10.521,7.055,0.26,8.155,65.9,10.3,7,0.15
Bo Allan,West Coast,26,19,19.87,191,Midfielder,,0,,,,0,,,,,,,,,,,
Brady Hough,West Coast,19,22,22.82,191,Gen. Defender,2022,55,0,0,,2,0,4.98,58.2,13.945,3.545,0,6.24,65.95,14.5,4.45,0
Callum Jamieson,West Coast,40,25,25.41,201,Key Defender,2022,17,0,0,,0,,5.453,48.529,9.294,5.118,0,5.453,48.529,9.294,5.118,0
Campbell Chesser,West Coast,18,22,22.67,186,Midfielder,2023,32,5,0,,0,,4.709,40.594,11.156,3.375,0.156,5.875,44.1,11,3.5,0.25
Clay Hall,West Coast,29,20,20.63,190,Midfielder,2024,4,1,0,,1,1,6.425,47.75,10.5,6,0.25,6.425,47.75,10.5,6,0.25
Coen Livingstone,West Coast,39,20,20.6,199,Ruck,,0,,,,0,,,,,,,,,,,
Dom Sheed,West Coast,4,30,30.72,186,Midfielder,2014,165,69,12,4,0,,8.608,76.933,21.594,8.806,0.418,6.25,67.75,19.5,6.85,0.2
Elijah Hewett,West Coast,8,21,21.59,186,Mid-Forward,2023,16,4,0,,2,0,4.575,46.75,13.25,6.25,0.25,4.575,46.75,13.25,6.25,0.25
Elliot Yeo,West Coast,6,32,32.24,191,Midfielder,2012,212,85,11,3,0,,11.562,86.972,19.722,9.425,0.401,13.91,104.8,22.5,12.2,0.55
Hamish Davis,West Coast,38,19,19.66,190,Mid-Forward,,0,,,,0,,,,,,,,,,,
Harley Reid,West Coast,9,20,20.7,187,Midfielder,2024,22,11,0,,2,1,10.927,77.909,18.091,9.5,0.5,10.965,78.65,18.25,9.6,0.55
Harry Barnett,West Coast,30,21,21.93,203,Ruck,2023,2,0,0,,0,,-0.35,15,4,1.5,0,-0.35,15,4,1.5,0
Harry Edwards,West Coast,42,25,25.24,200,Key Defender,2020,41,0,0,,2,0,7.412,57.049,9.146,3.415,0,7.635,56.25,8.6,3.45,0
Harvey Johnston,West Coast,24,20,20.36,185,Gen. Defender,2024,6,0,0,,0,,3.933,30.667,8.5,2.667,0,3.933,30.667,8.5,2.667,0
Jack Graham,West Coast,17,27,27.84,181,Midfielder,2017,132,51,11,4,1,0,9.242,74.394,16.515,6.045,0.386,9.445,69.5,16.9,6.2,0.15
Jack Hutchinson,West Coast,44,24,24.13,190,Midfielder,2024,8,2,0,,1,0,5.162,49.375,9.25,4.5,0.25,5.162,49.375,9.25,4.5,0.25
Jack Petruccelle,West Coast,21,26,26.72,188,Gen. Forward,2018,89,71,2,1,1,1,6.955,49.315,10.281,4.236,0.798,6.57,48.55,10.5,4.05,0.65
Jack Williams,West Coast,34,22,22.08,198,Key Forward,2022,29,21,0,,0,,5.276,46.172,7.586,3.552,0.724,6.26,51.15,7.95,4,0.85
Jake Waterman,West Coast,2,27,27.65,192,Key Forward,2018,105,134,3,2,1,2,6.999,62.124,11.533,3.371,1.276,10.505,81.35,12.25,4.05,2.65
Jamie Cripps,West Coast,15,33,33.69,184,Mid-Forward,2011,253,312,12,13,2,1,9.22,68.814,13.126,4.81,1.233,9.14,72.7,14.3,5.05,1.05
Jayden Hunt,West Coast,5,30,30.74,188,Midfielder,2016,159,53,2,0,2,0,8.768,61.252,14.497,4.472,0.333,8.595,62.15,15.45,5.2,0.1
Jeremy McGovern,West Coast,20,33,33.71,197,Key Defender,2014,193,38,12,2,2,0,12.442,89.005,15.637,6.456,0.197,13.065,108.45,20.6,6.45,0.05
Jobe Shanahan,West Coast,35,19,19.41,195,Key Forward,,0,,,,0,,,,,,,,,,,
Liam Baker,West Coast,3,27,27.92,173,Gen. Defender,2018,130,54,8,1,2,0,9.682,77.323,18.3,6.977,0.415,11.465,82.95,20.15,8.5,0.7
Liam Duggan,West Coast,14,29,29.05,186,Midfielder,2015,181,15,6,0,2,0,7.772,72.735,18.028,4.912,0.083,8.585,84.5,21.25,4.65,0.05
Liam Ryan,West Coast,1,29,29.24,181,Gen. Forward,2018,106,139,6,8,1,3,9.267,63.528,11.425,4.991,1.311,9.7,61.2,12.75,4,1
Loch Rawlinson,West Coast,36,20,20.58,177,Gen. Forward,2024,1,0,0,,0,,-2.8,11,4,1,0,-2.8,11,4,1,0
Lucca Grego,West Coast,31,19,19.29,184,Midfielder,,0,,,,0,,,,,,,,,,,
Malakai Champion,West Coast,37,19,19.62,172,Gen. Forward,,0,,,,0,,,,,,,,,,,
Matt Flynn,West Coast,25,28,28.29,202,Ruck,2021,38,12,0,,1,1,11.666,83.711,11.184,7.368,0.316,11.36,82.1,11.25,6.9,0.2
Matthew Owies,West Coast,16,28,28.78,179,Gen. Forward,2020,74,90,2,2,2,1,6.658,54.095,9,3.878,1.216,6.76,55.2,9.1,3.5,1.35
Noah Long,West Coast,13,21,21.35,179,Gen. Forward,2023,28,9,0,,2,0,5.525,49.429,10.464,4.429,0.321,4.73,46.5,10.2,4.05,0.3
Oscar Allen,West Coast,12,26,26.78,196,Key Forward,2018,95,142,1,2,2,3,8.262,66.242,9.863,4.6,1.495,6.83,60.4,10,4.05,1.9
Reuben Ginbey,West Coast,7,21,21.3,191,Gen. Defender,2023,42,2,0,,2,0,8.624,67.024,14.786,6.69,0.048,9.29,71.05,15.65,6.45,0.05
Rhett Bazzo,West Coast,33,22,22.2,195,Key Defender,2022,21,0,0,,0,,3.186,36.048,9.048,2.714,0,3.275,35.85,9.15,2.8,0
Ryan Maric,West Coast,23,21,21.31,196,Gen. Defender,2023,31,16,0,,2,0,5.739,46.516,10.323,3.581,0.516,5.29,43.9,10.75,3.55,0.35
Sandy Brock,West Coast,41,23,23.04,198,Key Defender,,0,,,,0,,,,,,,,,,,
Tim Kelly,West Coast,11,31,31.43,184,Midfielder,2018,146,79,5,7,2,0,12.171,95,24.171,11.103,0.541,13.115,95.4,24.15,11.5,0.15
Tom Cole,West Coast,28,28,28.59,188,Gen. Defender,2016,115,4,4,0,2,0,6.453,60.739,13.365,4.374,0.035,7.77,68.75,15.55,4.95,0
Tom Gross,West Coast,27,19,19.29,183,Midfielder,,0,,,,0,,,,,,,,,,,
Tyler Brockman,West Coast,10,23,23.1,180,Gen. Forward,2021,38,26,0,,2,2,6.761,47.105,9.816,3.632,0.684,6.24,45.5,9.9,3.65,0.4
Tyrell Dewar,West Coast,43,21,21.76,185,Gen. Defender,2024,9,7,0,,2,2,6.078,39,9.889,2.222,0.778,6.078,39,9.889,2.222,0.778
Aaron Naughton,Western Bulldogs,33,26,26.08,196,Key Forward,2018,145,229,8,13,2,3,9.138,69.255,11.048,5.869,1.579,10.135,70.3,11.75,5.2,1.75
Adam Treloar,Western Bulldogs,1,32,32.81,185,Midfielder,2012,254,154,14,6,0,,13.349,102.528,28.059,10.748,0.606,16.305,118,31.6,12,0.75
Anthony Scott,Western Bulldogs,28,30,30.83,181,Mid-Forward,2021,59,29,1,1,0,,5.868,48.915,10.051,4.051,0.492,5.9,47.9,9.8,3.75,0.6
Arthur Jones,Western Bulldogs,32,22,22.45,180,Midfielder,2023,16,5,0,,2,0,3.619,32.375,7.25,3.062,0.312,3.619,32.375,7.25,3.062,0.312
Bailey Dale,Western Bulldogs,31,29,29.44,188,Gen. Defender,2015,157,85,7,0,2,2,10.826,81.089,20.516,4.93,0.541,13.925,103.6,26.35,5.45,0.3
Bailey Williams,Western Bulldogs,34,28,28.22,190,Midfielder,2016,153,38,7,1,2,0,8.327,70.02,16.869,4.582,0.248,8.675,75.3,18.95,5.05,0.4
Buku Khamis,Western Bulldogs,24,25,25.77,191,Key Defender,2021,28,7,0,,1,0,5.204,49.357,9.929,3.357,0.25,5.91,51.3,10,3.15,0.05
Caleb Poulter,Western Bulldogs,25,23,23.21,194,Midfielder,2021,28,8,0,,0,,6.55,58.429,14.714,4.464,0.286,6.415,54.5,13.95,4.15,0.3
Cody Weightman,Western Bulldogs,3,24,24.95,179,Gen. Forward,2020,76,126,5,6,0,,7.962,60.158,9.816,4.711,1.658,8.035,65.95,10.55,4.9,1.5
Cooper Hynes,Western Bulldogs,6,19,19.83,190,Midfielder,,0,,,,0,,,,,,,,,,,
Ed Richards,Western Bulldogs,20,26,26.49,188,Midfielder,2018,127,37,4,1,2,1,10.164,72.567,16.409,5.764,0.291,15.38,101.25,22.55,9.45,0.6
Harvey Gallagher,Western Bulldogs,12,22,22.26,181,Gen. Defender,2024,22,9,1,0,2,0,4.623,46.091,12.682,3.409,0.409,4.55,46.3,12.95,3.7,0.4
Jamarra Ugle-Hagan,Western Bulldogs,2,23,23.74,197,Key Forward,2021,67,103,2,0,0,,5.93,56.403,10.164,4.701,1.537,6.44,63.7,11.2,5.45,2
James Harmes,Western Bulldogs,22,30,30.23,186,Mid-Forward,2015,163,87,9,3,2,2,9.209,75.38,18.258,7.552,0.534,6.7,57.7,13.95,5.25,0.5
James O'Donnell,Western Bulldogs,18,23,23.33,197,Key Defender,2023,27,3,1,0,1,0,5.026,45.296,9.815,3.296,0.111,5.995,52.65,11.15,3.7,0.1
Jason Johannisen,Western Bulldogs,39,33,33.14,181,Gen. Defender,2012,196,75,11,6,0,,9.297,75.352,18.296,4.378,0.383,8.81,76.65,20.15,3.65,0.25
Jedd Busslinger,Western Bulldogs,5,21,21.8,198,Key Defender,,0,,,,0,,,,,,,,,,,
Joel Freijah,Western Bulldogs,27,20,20.12,191,Gen. Defender,2024,15,3,1,0,2,2,9.493,73.8,17.133,5.733,0.2,9.493,73.8,17.133,5.733,0.2
Jordan Croft,Western Bulldogs,16,20,20.63,201,Key Forward,,0,,,,0,,,,,,,,,,,
Josh Dolan,Western Bulldogs,26,19,19.13,177,Gen. Forward,2025,2,0,0,,2,0,3.65,21.5,6,1.5,0,3.65,21.5,6,1.5,0
Lachie Jaques,Western Bulldogs,11,19,19.58,185,Gen. Defender,,0,,,,0,,,,,,,,,,,
Lachlan Bramble,Western Bulldogs,29,27,27.7,182,Gen. Defender,2021,56,4,1,0,2,0,7.861,66.893,17.446,3.821,0.071,8.275,68.85,17.7,3.95,0.05
Lachlan McNeil,Western Bulldogs,30,24,24.32,184,Gen. Forward,2021,56,28,1,0,2,3,5.245,42.196,8.643,3.857,0.5,6.8,50.95,10.15,4.9,0.5
Lachlan Smith,Western Bulldogs,40,20,20.23,203,Ruck,,0,,,,0,,,,,,,,,,,
Laitham Vandermeer,Western Bulldogs,23,26,26.9,182,Gen. Forward,2020,70,35,6,3,2,4,5.436,50.257,10.557,3.471,0.5,6.38,49.95,9.4,3.2,0.6
Liam Jones,Western Bulldogs,19,34,34.84,199,Key Defender,2010,200,84,1,0,0,,8.545,61.555,9.755,5.03,0.42,9.845,69.75,11.9,4.3,0
Luke Cleary,Western Bulldogs,36,23,23.82,191,Gen. Defender,2022,8,0,0,,1,0,3.812,37.625,8.375,2.375,0,3.812,37.625,8.375,2.375,0
Luke Kennedy,Western Bulldogs,35,19,19.22,180,Midfielder,,0,,,,0,,,,,,,,,,,
Marcus Bontempelli,Western Bulldogs,4,30,30.1,194,Midfielder,2014,240,232,13,12,0,,16.452,111.775,23.917,11.417,0.967,18.435,122.85,25.5,13.35,1.25
Matthew Kennedy,Western Bulldogs,8,28,28.73,188,Mid-Forward,2016,120,57,3,1,2,0,8.787,73.583,17.867,7.642,0.475,9.42,75.85,18.15,7,0.55
Nick Coffield,Western Bulldogs,17,26,26.18,191,Gen. Defender,2018,60,2,2,0,0,,5.88,62.617,14.117,3.65,0.033,5,56.6,12.4,3.1,0.05
Oskar Baker,Western Bulldogs,13,27,27.6,184,Midfielder,2019,40,13,0,,1,0,5.362,49.95,13.35,2.9,0.325,4.765,51.2,13.95,2.9,0.3
Rhylee West,Western Bulldogs,14,25,25.47,183,Gen. Forward,2019,60,47,1,0,2,1,7.353,57.75,11.283,5.05,0.783,8.395,65.2,12.1,5.75,1.2
Riley Garcia,Western Bulldogs,38,24,24.91,178,Gen. Forward,2021,31,13,0,,0,,7.374,49.677,12.806,5.613,0.419,7.58,54.1,14.55,6.25,0.45
Rory Lobb,Western Bulldogs,7,32,32.89,207,Key Defender,2014,178,172,10,6,2,0,9.728,75.084,11.242,6.169,0.966,10.355,73.55,13.55,6.3,0.55
Ryan Gardner,Western Bulldogs,43,28,28.58,197,Ruck,2019,53,3,5,0,0,,6.862,52.736,8.943,3.189,0.057,9.175,61.7,10.45,3.8,0.05
Ryley Sanders,Western Bulldogs,9,20,20.94,186,Mid-Forward,2024,16,2,0,,2,2,6.844,62.938,16.375,5.25,0.125,6.844,62.938,16.375,5.25,0.125
Sam Darcy,Western Bulldogs,10,22,22.45,208,Key Forward,2022,30,46,2,2,2,5,8.407,70.6,11.533,7.033,1.533,10.08,80.3,12.6,8.05,1.85
Sam Davidson,Western Bulldogs,42,24,24.04,191,Midfielder,2025,2,1,0,,2,1,6.85,55.5,12.5,3.5,0.5,6.85,55.5,12.5,3.5,0.5
Taylor Duryea,Western Bulldogs,15,34,34.68,181,Gen. Defender,2013,216,25,17,2,2,0,6.74,64.801,15.417,4.12,0.116,4.855,54.2,12.95,3.15,0
Tim English,Western Bulldogs,44,28,28.39,208,Ruck,2017,133,77,8,2,2,0,11.726,99.113,15.293,7.045,0.579,11.49,103.9,15.95,6.45,0.6
Tom Liberatore,Western Bulldogs,21,33,33.62,184,Midfielder,2011,236,86,10,4,2,1,14.307,97.763,22.589,12.322,0.364,14.86,105.5,24.5,13.85,0.25
